Source Ip,Dest Ip,Flag,Size,ACK Total, SYN/FIN Total,# of Src Ports,# of Dst Ports,MIN packet size,MAX packet size,AVG packet size,packet amount,INC packets,OUT packets
192.168.100.14,172.217.161.174,0,2041797,3661,4,4,4,1484,54,557.4111384111367,3663,2384,1279
107.6.184.210,192.168.100.14,1,54,1,1,1,1,54,54,54,1,0,1
192.168.100.14,107.6.184.210,1,1194,8,1,3,2,601,54,149.25,8,3,5
192.168.100.14,52.212.83.79,0,3234,0,49,17,1,66,66,66.0,49,0,49
172.217.131.8,192.168.100.14,1,54,1,1,1,1,54,54,54,1,0,1
192.168.100.14,172.217.131.8,1,108,2,1,1,1,54,54,54.0,2,0,2
192.168.100.14,172.217.161.150,1,367713,455,1,2,2,1484,54,808.1604395604398,455,299,156
192.168.100.14,23.49.60.199,1,635,6,3,2,2,205,54,90.71428571428571,7,3,4
23.49.60.199,192.168.100.14,1,54,1,1,1,1,54,54,54,1,0,1
192.168.100.14,23.49.60.199,1,689,7,3,3,2,205,54,86.125,8,3,5
192.168.100.14,74.125.10.108,1,54,1,1,1,1,54,54,54,1,0,1
192.168.100.14,107.6.184.210,1,54,1,1,1,1,54,54,54,1,0,1
192.168.100.14,202.90.156.77,1,16845,33,5,3,3,1514,54,481.2857142857143,35,19,16
192.168.100.14,74.125.11.90,1,13780,26,7,3,3,1486,54,492.1428571428572,28,15,13
74.125.10.108,192.168.100.14,1,54,1,1,1,1,54,54,54,1,0,1
192.168.100.14,74.125.10.108,1,108,2,1,2,2,54,54,54.0,2,1,1
172.217.131.8,192.168.100.14,0,54,1,0,1,1,54,54,54,1,0,1
107.6.184.210,192.168.100.14,1,139,2,1,1,1,85,54,69.5,2,0,2
192.168.100.14,107.6.184.210,1,564,8,1,3,3,100,54,62.666666666666664,9,5,4
192.168.100.14,74.125.10.92,1,6892391,7452,5,3,3,1486,54,924.6566943922719,7454,4503,2951
192.168.100.14,172.217.24.34,1,22034,130,1,2,2,1484,54,169.4923076923077,130,72,58
192.168.100.14,172.217.24.36,1,7616,55,3,3,3,654,54,135.99999999999994,56,31,25
192.168.100.14,172.217.24.35,1,405639,505,3,2,2,1484,54,801.6581027667988,506,355,151
74.125.11.90,192.168.100.14,1,54,1,1,1,1,54,54,54,1,0,1
192.168.100.14,74.125.11.90,1,108,2,1,2,2,54,54,54.0,2,1,1
192.168.100.14,104.27.153.81,1,417,7,1,4,4,66,54,59.57142857142857,7,4,3
192.168.100.14,192.0.77.2,1,1506,25,1,13,13,66,54,60.24,25,13,12
192.168.100.14,172.217.161.142,1,710,11,1,2,2,117,54,64.54545454545455,11,6,5
192.168.100.14,216.58.203.10,1,776,12,1,2,2,117,54,64.66666666666667,12,6,6
192.168.100.14,173.222.148.81,1,1143,19,1,2,2,66,54,60.1578947368421,19,9,10
192.168.100.14,104.27.153.81,1,108,2,1,2,2,54,54,54.0,2,1,1
192.168.100.14,104.27.153.81,1,108,2,1,2,2,54,54,54.0,2,1,1
192.168.100.14,104.27.153.81,1,492,9,1,3,1,55,54,54.666666666666664,9,0,9
192.168.100.14,198.143.164.252,1,538,9,1,4,4,66,54,59.77777777777778,9,5,4
192.168.100.14,52.74.5.29,1,175,3,1,2,2,66,54,58.333333333333336,3,2,1
192.168.100.14,173.222.148.42,1,1143,19,1,2,2,66,54,60.1578947368421,19,9,10
192.168.100.14,54.77.39.110,0,3366,0,51,17,1,66,66,66.0,51,0,51
192.168.100.14,172.217.161.170,1,8376,33,3,2,2,1484,54,246.35294117647064,34,17,17
192.168.100.14,131.253.61.80,0,25137,31,2,2,2,1514,54,785.53125,32,19,13
192.168.100.14,13.78.130.220,1,12131,18,3,2,2,1514,66,638.4736842105264,19,8,11
192.168.100.14,74.125.11.90,1,218,4,1,1,1,55,54,54.5,4,0,4
13.78.130.220,192.168.100.14,1,66,1,1,1,1,66,66,66,1,0,1
192.168.100.14,13.78.130.220,0,66,1,0,1,1,66,66,66,1,0,1
192.168.100.14,23.49.60.152,1,635,6,3,2,2,205,54,90.71428571428571,7,3,4
23.49.60.152,192.168.100.14,1,54,1,1,1,1,54,54,54,1,0,1
192.168.100.14,23.49.60.152,1,689,7,3,3,2,205,54,86.125,8,3,5
202.90.156.76,192.168.100.14,1,54,1,1,1,1,54,54,54,1,0,1
192.168.100.14,202.90.156.76,1,108,2,1,2,2,54,54,54.0,2,1,1
192.168.100.14,202.90.156.76,1,108,2,1,2,1,54,54,54.0,2,0,2
192.168.100.14,74.125.10.108,1,108,2,1,1,1,54,54,54.0,2,0,2
192.168.100.14,172.16.3.60,0,396,0,6,2,1,66,66,66.0,6,0,6
209.85.229.156,192.168.100.14,1,54,1,1,1,1,54,54,54,1,0,1
192.168.100.14,209.85.229.156,1,108,2,1,1,1,54,54,54.0,2,0,2
192.168.100.14,202.90.156.76,1,108,2,1,2,1,54,54,54.0,2,0,2
192.168.100.14,74.125.10.108,0,108,2,0,2,2,54,54,54.0,2,1,1
192.168.100.14,209.85.229.156,1,162,3,1,2,3,54,54,54.0,3,2,1
192.168.100.14,202.90.156.76,1,9514,26,5,4,5,1514,54,339.7857142857143,28,15,13
192.168.100.14,209.85.229.156,1,108,2,1,1,1,54,54,54.0,2,0,2
192.168.100.14,172.217.161.162,1,3583,43,1,2,2,221,54,83.32558139534883,43,26,17
192.168.100.14,52.74.5.29,1,218,4,1,1,1,55,54,54.5,4,0,4
192.168.100.14,77.234.45.64,0,24524,56,2,2,2,1514,54,430.2456140350877,57,37,20
192.168.100.14,216.58.200.3,1,776,12,1,2,2,117,54,64.66666666666667,12,7,5
192.168.100.14,209.85.229.156,0,108,2,0,2,2,54,54,54.0,2,1,1
23.49.60.152,192.168.100.14,1,54,1,1,1,1,54,54,54,1,0,1
192.168.100.14,23.49.60.152,1,689,7,3,3,2,205,54,86.125,8,3,5
202.90.156.77,192.168.100.14,1,54,1,1,1,1,54,54,54,1,0,1
192.168.100.14,202.90.156.77,1,162,3,1,2,1,54,54,54.0,3,0,3
192.168.100.14,74.125.10.92,1,108,2,1,1,1,54,54,54.0,2,0,2
192.168.100.14,202.90.156.77,1,108,2,1,2,1,54,54,54.0,2,0,2
192.168.100.14,202.90.156.77,0,162,2,0,2,3,54,54,54.0,3,2,1
192.168.100.14,74.125.10.92,1,1607250,1535,1,3,3,1486,54,1047.0684039087944,1535,1063,472
192.168.100.14,192.0.77.2,1,108,2,1,2,2,54,54,54.0,2,1,1
192.168.100.14,192.0.77.2,1,108,2,1,2,2,54,54,54.0,2,1,1
192.168.100.14,192.0.77.2,1,108,2,1,2,2,54,54,54.0,2,1,1
192.168.100.14,192.0.77.2,1,108,2,1,2,2,54,54,54.0,2,1,1
192.168.100.14,192.0.77.2,1,108,2,1,2,2,54,54,54.0,2,1,1
192.168.100.14,192.0.77.2,1,108,2,1,2,2,54,54,54.0,2,1,1
192.168.100.14,192.0.77.2,1,108,2,1,2,2,54,54,54.0,2,1,1
192.168.100.14,192.0.77.2,1,108,2,1,2,2,54,54,54.0,2,1,1
192.168.100.14,192.0.77.2,1,108,2,1,2,2,54,54,54.0,2,1,1
192.168.100.14,192.0.77.2,1,108,2,1,2,2,54,54,54.0,2,1,1
192.168.100.14,192.0.77.2,1,108,2,1,2,2,54,54,54.0,2,1,1
192.168.100.14,192.0.77.2,1,1428,26,1,12,1,55,54,54.92307692307692,26,0,26
192.168.100.14,216.58.197.110,1,7818,34,3,2,2,1484,54,223.37142857142865,35,19,16
23.49.60.152,192.168.100.14,1,54,1,1,1,1,54,54,54,1,0,1
192.168.100.14,23.49.60.152,1,689,7,3,3,2,205,54,86.125,8,3,5
192.168.100.14,23.9.187.49,1,139,2,1,1,1,85,54,69.5,2,0,2
23.9.187.49,192.168.100.14,1,193,3,1,1,1,85,54,64.33333333333333,3,0,3
192.168.100.14,23.9.187.49,1,6762,18,3,3,3,1514,54,355.89473684210526,19,9,10
192.168.100.14,172.16.3.79,0,396,0,6,2,1,66,66,66.0,6,0,6
192.168.100.14,172.16.3.102,0,792,0,12,4,1,66,66,66.0,12,0,12
23.49.60.152,192.168.100.14,1,54,1,1,1,1,54,54,54,1,0,1
192.168.100.14,23.49.60.152,1,689,7,3,3,2,205,54,86.125,8,3,5
10.2.245.252,192.168.100.14,1,1128,6,7,8,4,94,94,94.0,12,0,12
192.168.100.14,107.6.184.210,1,7067,21,5,4,3,1514,54,307.26086956521743,23,11,12
192.168.100.14,52.175.18.194,1,54,1,1,1,1,54,54,54,1,0,1
52.175.18.194,192.168.100.14,1,54,1,1,1,1,54,54,54,1,0,1
192.168.100.14,52.175.18.194,0,54,1,0,1,1,54,54,54,1,0,1
192.168.100.14,13.78.168.230,1,6194,19,3,2,2,1514,54,309.7,20,9,11
192.168.100.14,13.78.168.230,1,120,1,2,2,2,66,54,60.0,2,1,1
192.168.100.14,13.78.168.230,1,6072,18,2,3,2,1514,54,337.3333333333333,18,8,10
192.168.100.14,52.114.88.20,1,7116,16,3,2,2,1514,54,418.5882352941176,17,8,9
13.78.168.230,192.168.100.14,1,204,3,1,1,1,96,54,68.0,3,0,3
192.168.100.14,13.78.168.230,0,54,1,0,1,1,54,54,54,1,0,1
23.49.60.152,192.168.100.14,1,54,1,1,1,1,54,54,54,1,0,1
192.168.100.14,23.49.60.152,1,689,7,3,3,2,205,54,86.125,8,3,5
192.168.100.14,52.114.88.20,1,120,1,2,2,2,66,54,60.0,2,1,1
192.168.100.14,52.114.88.20,1,8068,17,2,3,2,1514,54,474.5882352941176,17,8,9
52.114.88.20,192.168.100.14,1,54,1,1,1,1,54,54,54,1,0,1
192.168.100.14,52.114.88.20,1,8379,17,3,3,2,1514,54,465.5,18,7,11
192.168.100.14,54.171.44.75,0,2970,0,45,15,1,66,66,66.0,45,0,45
192.168.100.14,74.125.10.92,0,163,2,0,2,2,55,54,54.333333333333336,3,1,2
192.168.100.14,104.25.218.21,1,54,1,1,1,1,54,54,54,1,0,1
104.25.218.21,192.168.100.14,1,54,1,1,1,1,54,54,54,1,0,1
192.168.100.14,104.25.218.21,0,54,1,0,1,1,54,54,54,1,0,1
192.168.100.14,198.143.164.252,1,284,5,1,3,3,66,54,56.8,5,1,4
192.168.100.14,184.86.250.43,1,54,1,1,1,1,54,54,54,1,0,1
184.86.250.43,192.168.100.14,1,54,1,1,1,1,54,54,54,1,0,1
192.168.100.14,184.86.250.43,0,54,1,0,1,1,54,54,54,1,0,1
52.114.158.50,192.168.100.14,0,108,2,0,1,2,54,54,54.0,2,0,2
13.107.42.254,192.168.100.14,0,54,1,0,1,1,54,54,54,1,0,1
13.107.49.254,192.168.100.14,0,9302,32,2,2,3,1514,54,281.87878787878793,33,15,18
23.49.60.152,192.168.100.14,1,54,1,1,1,1,54,54,54,1,0,1
192.168.100.14,23.49.60.152,1,689,7,3,3,2,205,54,86.125,8,3,5
13.107.246.10,192.168.100.14,0,54,1,0,1,1,54,54,54,1,0,1
13.107.51.254,192.168.100.14,0,54,1,0,1,1,54,54,54,1,0,1
13.107.128.254,192.168.100.14,0,9359,33,2,2,3,1514,54,275.2647058823529,34,15,19
192.168.100.14,52.109.88.39,1,54,1,1,1,1,54,54,54,1,0,1
52.109.88.39,192.168.100.14,1,54,1,1,1,1,54,54,54,1,0,1
192.168.100.14,52.109.88.39,0,54,1,0,1,1,54,54,54,1,0,1
192.168.100.14,172.16.3.74,0,396,0,6,2,1,66,66,66.0,6,0,6
192.168.100.14,10.100.201.33,0,594,0,9,3,1,66,66,66.0,9,0,9
23.49.60.152,192.168.100.14,1,54,1,1,1,1,54,54,54,1,0,1
192.168.100.14,23.49.60.152,1,689,7,3,3,2,205,54,86.125,8,3,5
204.79.197.200,192.168.100.14,0,42558,81,2,2,3,1514,54,519.0000000000002,82,40,42
52.114.132.22,192.168.100.14,0,108,2,0,1,2,54,54,54.0,2,0,2
23.49.60.199,192.168.100.14,1,54,1,1,1,1,54,54,54,1,0,1
192.168.100.14,23.49.60.199,1,689,7,3,3,2,205,54,86.125,8,3,5
192.168.100.14,192.0.77.2,1,108,2,1,2,1,54,54,54.0,2,0,2
192.168.100.14,192.0.77.2,1,108,2,1,2,1,54,54,54.0,2,0,2
192.168.100.14,192.0.77.2,1,108,2,1,2,1,54,54,54.0,2,0,2
192.168.100.14,192.0.77.2,1,108,2,1,2,1,54,54,54.0,2,0,2
192.168.100.14,192.0.77.2,1,108,2,1,2,1,54,54,54.0,2,0,2
192.168.100.14,192.0.77.2,1,108,2,1,2,1,54,54,54.0,2,0,2
192.168.100.14,192.0.77.2,1,108,2,1,2,1,54,54,54.0,2,0,2
192.168.100.14,192.0.77.2,1,162,3,1,3,1,54,54,54.0,3,0,3
192.168.100.14,192.0.77.2,1,54,1,1,1,1,54,54,54,1,0,1
192.168.100.14,192.0.77.2,1,162,3,1,3,1,54,54,54.0,3,0,3
192.168.100.14,192.0.77.2,0,54,1,0,1,1,54,54,54,1,0,1
192.168.100.14,52.74.5.29,1,10983,38,7,6,5,1514,54,267.8780487804878,41,20,21
192.168.100.14,198.143.164.252,1,333,5,1,3,3,93,54,66.6,5,2,3
192.168.100.14,104.27.153.81,1,108,2,1,2,1,54,54,54.0,2,0,2
192.168.100.14,104.27.153.81,0,54,1,0,1,1,54,54,54,1,0,1
192.168.100.14,74.125.11.90,1,54,1,1,1,1,54,54,54,1,0,1
192.168.100.14,202.90.156.78,1,16215,29,5,3,3,1514,54,523.0645161290323,31,17,14
192.168.100.14,173.194.4.230,1,19015,33,5,3,3,1486,54,543.2857142857143,35,19,16
192.168.100.14,74.125.101.198,1,2283644,2335,5,3,3,1486,54,977.169020111253,2337,1522,815
192.168.100.14,74.125.11.90,1,54,1,1,1,1,54,54,54,1,0,1
23.49.60.152,192.168.100.14,1,54,1,1,1,1,54,54,54,1,0,1
192.168.100.14,23.49.60.152,1,689,7,3,3,2,205,54,86.125,8,3,5
192.168.100.14,74.125.11.90,1,54,1,1,1,1,54,54,54,1,0,1
192.168.100.14,172.16.3.82,0,396,0,6,2,1,66,66,66.0,6,0,6
192.168.100.14,10.100.202.197,0,990,0,15,5,1,66,66,66.0,15,0,15
192.168.100.14,107.6.184.210,1,1095,7,1,3,2,582,54,156.42857142857142,7,3,4
198.143.164.252,192.168.100.14,1,108,2,1,1,1,54,54,54.0,2,0,2
192.168.100.14,198.143.164.252,0,54,1,0,1,1,54,54,54,1,0,1
192.168.100.14,74.125.11.90,1,54,1,1,1,1,54,54,54,1,0,1
192.168.100.14,74.125.11.90,1,109,2,1,1,1,55,54,54.5,2,0,2
54.182.2.250,192.168.100.14,1,347,5,1,2,2,100,54,69.4,5,2,3
192.168.100.14,54.182.2.250,1,108,2,1,1,1,54,54,54.0,2,0,2
23.49.60.152,192.168.100.14,1,54,1,1,1,1,54,54,54,1,0,1
192.168.100.14,23.49.60.152,1,689,7,3,3,2,205,54,86.125,8,3,5
192.168.100.14,202.90.156.78,1,108,2,1,2,2,54,54,54.0,2,1,1
192.168.100.14,202.90.156.78,1,174,2,2,3,1,66,54,58.0,3,0,3
192.168.100.14,173.194.4.230,1,108,2,1,2,2,54,54,54.0,2,1,1
192.168.100.14,173.194.4.230,1,108,2,1,2,1,54,54,54.0,2,0,2
23.49.60.152,192.168.100.14,1,54,1,1,1,1,54,54,54,1,0,1
192.168.100.14,23.49.60.152,1,689,7,3,3,2,205,54,86.125,8,3,5
192.168.100.14,74.125.101.198,1,108,2,1,2,2,54,54,54.0,2,1,1
192.168.100.14,74.125.101.198,1,162,3,1,2,1,54,54,54.0,3,0,3
192.168.100.14,173.194.4.230,1,108,2,1,2,1,54,54,54.0,2,0,2
192.168.100.14,173.194.4.230,0,162,3,0,2,3,54,54,54.0,3,2,1
192.168.100.14,74.125.101.198,0,108,2,0,2,2,54,54,54.0,2,1,1
192.168.100.14,202.90.156.78,1,108,2,1,2,1,54,54,54.0,2,0,2
192.168.100.14,202.90.156.78,1,9519,27,4,4,5,1514,54,339.9642857142857,28,15,13
192.168.100.14,173.194.162.170,1,13391,21,3,2,2,1486,54,608.6818181818181,22,12,10
192.168.100.14,216.58.200.2,1,27796,102,3,2,2,1484,54,269.8640776699028,103,62,41
192.168.100.14,173.194.4.200,1,4401035,4297,5,3,3,1486,54,1023.7345894394045,4299,2901,1398
192.168.100.14,107.6.184.210,1,54,1,1,1,1,54,54,54,1,0,1
173.194.162.170,192.168.100.14,1,108,2,1,1,1,54,54,54.0,2,0,2
192.168.100.14,173.194.162.170,0,54,1,0,1,1,54,54,54,1,0,1
192.168.100.14,172.16.3.72,0,396,0,6,2,1,66,66,66.0,6,0,6
192.168.100.14,10.100.212.167,0,1188,0,18,6,1,66,66,66.0,18,0,18
192.168.100.14,107.6.184.210,1,54,1,1,1,1,54,54,54,1,0,1
192.168.100.14,107.6.184.210,1,54,1,1,1,1,54,54,54,1,0,1
23.49.60.199,192.168.100.14,1,54,1,1,1,1,54,54,54,1,0,1
192.168.100.14,23.49.60.199,1,689,7,3,3,2,205,54,86.125,8,3,5
192.168.100.14,107.6.184.210,1,109,2,1,1,1,55,54,54.5,2,0,2
192.168.100.14,74.125.11.90,0,54,1,0,1,1,54,54,54,1,0,1
10.2.245.252,192.168.100.14,1,2350,13,13,20,8,94,94,94.0,25,0,25
192.168.100.14,172.217.24.36,1,108,2,1,1,1,54,54,54.0,2,0,2
192.168.100.14,172.217.24.36,1,6587,60,1,3,3,513,54,109.78333333333332,60,34,26
23.49.60.152,192.168.100.14,1,54,1,1,1,1,54,54,54,1,0,1
192.168.100.14,23.49.60.152,1,689,7,3,3,2,205,54,86.125,8,3,5
192.168.100.14,172.217.161.142,1,193288,219,3,3,2,1484,54,878.5818181818182,220,157,63
216.58.203.10,192.168.100.14,1,54,1,1,1,1,54,54,54,1,0,1
192.168.100.14,216.58.203.10,0,108,2,0,2,2,54,54,54.0,2,1,1
192.168.100.14,107.6.184.210,1,54,1,1,1,1,54,54,54,1,0,1
192.168.100.14,202.90.156.78,1,108,2,1,2,2,54,54,54.0,2,1,1
192.168.100.14,202.90.156.78,1,108,2,1,2,1,54,54,54.0,2,0,2
23.49.60.199,192.168.100.14,1,54,1,1,1,1,54,54,54,1,0,1
192.168.100.14,23.49.60.199,1,689,7,3,3,2,205,54,86.125,8,3,5
192.168.100.14,192.168.133.1,0,396,0,6,2,1,66,66,66.0,6,0,6
192.168.100.14,10.100.201.3,0,594,0,9,3,1,66,66,66.0,9,0,9
192.168.100.14,173.194.4.200,1,108,2,1,2,2,54,54,54.0,2,1,1
192.168.100.14,107.6.184.210,1,457,7,1,3,2,100,54,65.28571428571429,7,4,3
192.168.100.14,216.58.200.3,1,108,2,1,1,1,54,54,54.0,2,0,2
192.168.100.14,216.58.200.3,1,18725,81,5,4,4,1484,54,225.6024096385542,83,43,40
192.168.100.14,173.194.4.200,1,108,2,1,1,1,54,54,54.0,2,0,2
23.49.60.152,192.168.100.14,1,54,1,1,1,1,54,54,54,1,0,1
192.168.100.14,23.49.60.152,1,735,7,3,3,2,200,54,91.875,8,4,4
192.168.100.14,107.6.184.210,1,162,3,1,1,1,54,54,54.0,3,0,3
192.168.100.14,107.6.184.210,1,3174,19,5,4,4,712,54,151.14285714285714,21,10,11
192.168.100.14,202.90.156.78,1,108,2,1,2,1,54,54,54.0,2,0,2
192.168.100.14,202.90.156.78,1,432366,395,6,5,5,1514,54,1080.9150000000002,400,292,108
192.168.100.14,173.194.4.200,1,54,1,1,1,1,54,54,54,1,0,1
192.168.100.14,173.194.4.200,0,216,2,0,3,3,54,54,54.0,4,2,2
23.49.60.199,192.168.100.14,1,54,1,1,1,1,54,54,54,1,0,1
192.168.100.14,23.49.60.199,1,689,7,3,3,2,205,54,86.125,8,3,5
192.168.100.14,173.194.51.235,1,13386,21,3,2,2,1486,54,608.4545454545455,22,12,10
192.168.100.14,74.125.102.87,1,4450870,4200,5,3,3,1486,54,1059.2265587815364,4202,2954,1248
173.194.51.235,192.168.100.14,1,108,2,1,1,1,54,54,54.0,2,0,2
192.168.100.14,173.194.51.235,0,54,1,0,1,1,54,54,54,1,0,1
172.217.161.170,192.168.100.14,1,54,1,1,1,1,54,54,54,1,0,1
192.168.100.14,172.217.161.170,0,108,2,0,2,2,54,54,54.0,2,1,1
192.168.100.14,107.6.184.210,1,293,4,1,2,2,100,54,73.25,4,3,1
192.168.100.14,172.16.3.71,0,396,0,6,2,1,66,66,66.0,6,0,6
192.168.100.14,10.100.200.110,0,594,0,9,3,1,66,66,66.0,9,0,9
192.168.100.14,224.0.0.22,0,2430,37,8,7,10,54,54,54.0,45,0,45
23.49.60.199,192.168.100.14,1,54,1,1,1,1,54,54,54,1,0,1
192.168.100.14,23.49.60.199,1,689,7,3,3,2,205,54,86.125,8,3,5
192.168.100.14,23.49.60.152,1,108,2,1,1,1,54,54,54.0,2,0,2
192.168.100.14,23.49.60.152,1,54,1,1,1,1,54,54,54,1,0,1
192.168.100.14,23.49.60.152,1,54,1,1,1,1,54,54,54,1,0,1
192.168.100.14,107.6.184.210,1,327,6,1,2,1,55,54,54.5,6,0,6
192.168.100.14,23.49.60.152,1,54,1,1,1,1,54,54,54,1,0,1
192.168.100.14,23.49.60.199,1,54,1,1,1,1,54,54,54,1,0,1
23.49.60.199,192.168.100.14,1,120,2,1,1,1,66,54,60.0,2,0,2
192.168.100.14,23.49.60.199,1,689,7,3,3,2,205,54,86.125,8,3,5
192.168.100.14,202.90.156.76,1,108,2,1,2,2,54,54,54.0,2,1,1
192.168.100.14,202.90.156.76,1,108,2,1,2,1,54,54,54.0,2,0,2
192.168.100.14,23.49.60.152,1,54,1,1,1,1,54,54,54,1,0,1
192.168.100.14,77.234.43.79,1,5735,18,3,2,2,1514,54,301.8421052631579,19,7,12
77.234.43.79,192.168.100.14,1,435,4,1,2,2,273,54,108.75,4,1,3
77.234.43.79,192.168.100.14,0,54,1,0,1,1,54,54,54,1,0,1
192.168.100.14,74.125.102.87,1,108,2,1,1,1,54,54,54.0,2,0,2
192.168.100.14,23.49.60.152,1,54,1,1,1,1,54,54,54,1,0,1
192.168.100.14,216.58.197.110,0,162,3,0,1,1,54,54,54.0,3,0,3
192.168.100.14,202.90.156.76,1,108,2,1,2,1,54,54,54.0,2,0,2
192.168.100.14,202.90.156.76,1,16909,38,5,4,5,1514,54,422.725,40,21,19
192.168.100.14,74.125.102.87,1,1440898,1552,1,3,3,1486,54,928.4136597938144,1552,943,609
192.168.100.14,117.18.237.93,1,5791,17,3,2,2,1514,54,321.72222222222223,18,8,10
192.168.100.14,23.49.60.152,1,689,7,3,3,2,205,54,86.125,8,3,5
23.49.60.199,192.168.100.14,1,54,1,1,1,1,54,54,54,1,0,1
192.168.100.14,23.49.60.199,1,689,7,3,3,2,205,54,86.125,8,3,5
117.18.237.93,192.168.100.14,1,193,3,1,1,1,85,54,64.33333333333333,3,0,3
192.168.100.14,117.18.237.93,1,5405,16,3,3,2,1514,54,317.94117647058823,17,7,10
192.168.100.14,10.98.213.194,0,594,0,9,3,1,66,66,66.0,9,0,9
192.168.100.14,5.45.58.252,1,3975,12,3,2,2,1514,54,305.76923076923083,13,6,7
5.45.58.252,192.168.100.14,1,54,1,1,1,1,54,54,54,1,0,1
192.168.100.14,5.45.58.252,0,54,1,0,1,1,54,54,54,1,0,1
23.49.60.152,192.168.100.14,1,54,1,1,1,1,54,54,54,1,0,1
192.168.100.14,23.49.60.152,1,689,7,3,3,2,205,54,86.125,8,3,5
23.49.60.152,192.168.100.14,1,54,1,1,1,1,54,54,54,1,0,1
192.168.100.14,23.49.60.152,1,689,7,3,3,2,205,54,86.125,8,3,5
192.168.100.14,74.125.102.87,0,163,2,0,2,2,55,54,54.333333333333336,3,1,2
23.49.60.152,192.168.100.14,1,54,1,1,1,1,54,54,54,1,0,1
192.168.100.14,23.49.60.152,1,689,7,3,3,2,205,54,86.125,8,3,5
192.168.100.14,172.16.3.70,0,450,1,6,3,2,66,54,64.28571428571429,7,1,6
192.168.100.14,10.100.201.47,0,594,0,9,3,1,66,66,66.0,9,0,9
23.49.60.199,192.168.100.14,1,54,1,1,1,1,54,54,54,1,0,1
192.168.100.14,23.49.60.199,1,689,7,3,3,2,205,54,86.125,8,3,5
23.49.60.152,192.168.100.14,1,54,1,1,1,1,54,54,54,1,0,1
192.168.100.14,23.49.60.152,1,689,7,3,3,2,205,54,86.125,8,3,5
192.168.100.14,172.16.3.69,0,558,3,6,3,2,66,54,62.0,9,3,6
23.49.60.199,192.168.100.14,1,54,1,1,1,1,54,54,54,1,0,1
192.168.100.14,23.49.60.199,1,689,7,3,3,2,205,54,86.125,8,3,5
192.168.100.14,107.6.184.210,1,7222,21,5,4,3,1514,54,314.0,23,10,13
173.222.148.42,192.168.100.14,1,54,1,1,1,1,54,54,54,1,0,1
192.168.100.14,173.222.148.42,0,54,1,0,1,1,54,54,54,1,0,1
173.222.148.81,192.168.100.14,1,54,1,1,1,1,54,54,54,1,0,1
192.168.100.14,173.222.148.81,0,54,1,0,1,1,54,54,54,1,0,1
192.168.100.14,107.6.184.210,1,162,3,1,3,2,54,54,54.0,3,1,2
192.168.100.14,74.125.10.89,1,1539205,1307,5,3,3,1486,54,1175.8632543926637,1309,1038,271
23.49.60.199,192.168.100.14,1,54,1,1,1,1,54,54,54,1,0,1
192.168.100.14,23.49.60.199,1,689,7,3,3,2,205,54,86.125,8,3,5
192.168.100.14,107.6.184.210,1,54,1,1,1,1,54,54,54,1,0,1
107.6.184.210,192.168.100.14,1,54,1,1,1,1,54,54,54,1,0,1
192.168.100.14,107.6.184.210,1,108,2,1,2,1,54,54,54.0,2,0,2
192.168.100.14,111.221.29.13,1,7609,30,3,2,2,1514,54,245.45161290322577,31,13,18
192.168.100.14,23.67.1.78,1,16747,30,3,2,2,1514,54,540.2258064516129,31,16,15
192.168.100.14,172.217.161.162,0,162,3,0,1,1,54,54,54.0,3,0,3
52.114.88.20,192.168.100.14,1,54,1,1,1,1,54,54,54,1,0,1
192.168.100.14,52.114.88.20,0,54,1,0,1,1,54,54,54,1,0,1
23.49.60.199,192.168.100.14,1,54,1,1,1,1,54,54,54,1,0,1
192.168.100.14,23.49.60.199,1,689,7,3,3,2,205,54,86.125,8,3,5
192.168.100.14,107.6.184.210,1,1101,6,1,3,2,644,54,183.5,6,3,3
192.168.100.14,173.194.49.231,1,13332,20,3,2,2,1486,54,634.8571428571429,21,11,10
192.168.100.14,173.194.4.233,1,6051700,6284,5,3,3,1486,54,962.7266942411709,6286,3964,2322
107.6.184.210,192.168.100.14,1,108,1,1,2,2,54,54,54.0,2,1,1
173.194.49.231,192.168.100.14,1,54,1,1,1,1,54,54,54,1,0,1
192.168.100.14,173.194.49.231,0,54,1,0,1,1,54,54,54,1,0,1
192.168.100.14,172.16.3.66,0,198,0,3,1,1,66,66,66.0,3,0,3
192.168.100.14,74.125.10.89,1,108,2,1,2,2,54,54,54.0,2,1,1
192.168.100.14,74.125.10.89,1,162,3,1,2,1,54,54,54.0,3,0,3
23.49.60.152,192.168.100.14,1,54,1,1,1,1,54,54,54,1,0,1
192.168.100.14,23.49.60.152,1,689,7,3,3,2,205,54,86.125,8,3,5
192.168.100.14,74.125.10.89,1,54,1,1,1,1,54,54,54,1,0,1
192.168.100.14,74.125.10.89,0,108,2,0,2,2,54,54,54.0,2,1,1
192.168.100.14,107.6.184.210,1,457,7,1,3,2,100,54,65.28571428571429,7,4,3
23.49.60.152,192.168.100.14,1,54,1,1,1,1,54,54,54,1,0,1
192.168.100.14,23.49.60.152,1,689,7,3,3,2,205,54,86.125,8,3,5
192.168.100.14,202.90.156.76,1,108,2,1,2,2,54,54,54.0,2,1,1
192.168.100.14,202.90.156.76,1,108,2,1,1,1,54,54,54.0,2,0,2
192.168.100.14,173.194.4.233,1,108,2,1,1,1,54,54,54.0,2,0,2
192.168.100.14,74.125.204.188,0,4957,59,2,2,2,571,54,82.61666666666666,60,30,30
23.49.60.199,192.168.100.14,1,54,1,1,1,1,54,54,54,1,0,1
192.168.100.14,23.49.60.199,1,689,7,3,3,2,205,54,86.125,8,3,5
192.168.100.14,172.16.3.64,0,198,0,3,1,1,66,66,66.0,3,0,3
192.168.100.14,202.90.156.76,1,108,2,1,2,1,54,54,54.0,2,0,2
192.168.100.14,202.90.156.76,1,9517,25,5,4,5,1514,54,339.89285714285705,28,15,13
192.168.100.14,173.194.4.233,1,3857310,3397,1,3,3,1486,54,1135.5048572269636,3397,2562,835
192.168.100.14,216.58.203.14,1,779,7,3,2,2,260,54,97.375,8,3,5
192.168.100.14,104.16.89.188,1,2059,7,3,2,2,1424,54,257.375,8,4,4
192.168.100.14,104.16.90.188,1,1817,7,3,2,2,1185,54,227.125,8,4,4
23.49.60.152,192.168.100.14,1,54,1,1,1,1,54,54,54,1,0,1
192.168.100.14,23.49.60.152,1,689,7,3,3,2,205,54,86.125,8,3,5
192.168.100.14,107.6.184.210,1,6198,32,5,4,3,799,54,182.2941176470588,34,14,20
23.67.1.78,192.168.100.14,1,139,2,1,1,1,85,54,69.5,2,0,2
192.168.100.14,23.67.1.78,0,54,1,0,1,1,54,54,54,1,0,1
23.49.60.199,192.168.100.14,1,54,1,1,1,1,54,54,54,1,0,1
192.168.100.14,23.49.60.199,1,689,7,3,3,2,205,54,86.125,8,3,5
192.168.100.14,54.182.2.250,1,54,1,1,1,1,54,54,54,1,0,1
192.168.100.14,13.107.3.128,0,9129,26,2,2,2,1514,54,338.1111111111111,27,14,13
192.168.100.14,52.232.69.150,0,9421,24,2,2,2,1514,54,376.8400000000001,25,10,15
192.168.100.14,172.16.3.62,0,360,3,3,2,2,66,54,60.0,6,3,3
192.168.100.14,54.182.2.250,1,54,1,1,1,1,54,54,54,1,0,1
192.168.100.14,52.230.84.217,0,1176,6,0,2,2,479,54,196.0,6,2,4
192.168.100.14,54.182.2.250,1,54,1,1,1,1,54,54,54,1,0,1
192.168.100.14,52.175.39.99,0,8197,21,2,2,2,1514,54,372.59090909090907,22,10,12
192.168.100.14,52.229.207.60,0,9933,28,2,2,2,1514,54,342.51724137931035,29,12,17
192.168.100.14,54.182.2.250,1,54,1,1,1,1,54,54,54,1,0,1
23.49.60.199,192.168.100.14,1,54,1,1,1,1,54,54,54,1,0,1
192.168.100.14,23.49.60.199,1,689,7,3,3,2,205,54,86.125,8,3,5
192.168.100.14,173.194.4.233,1,108,2,1,1,1,54,54,54.0,2,0,2
192.168.100.14,54.182.2.250,1,54,1,1,1,1,54,54,54,1,0,1
192.168.100.14,104.16.89.188,1,108,2,1,1,1,54,54,54.0,2,0,2
192.168.100.14,104.16.89.188,0,54,1,0,1,1,54,54,54,1,0,1
192.168.100.14,104.16.90.188,0,108,2,0,1,1,54,54,54.0,2,0,2
111.221.29.13,192.168.100.14,1,54,1,1,1,1,54,54,54,1,0,1
192.168.100.14,111.221.29.13,0,54,1,0,1,1,54,54,54,1,0,1
192.168.100.14,54.182.2.250,0,54,1,0,1,1,54,54,54,1,0,1
23.49.60.199,192.168.100.14,1,54,1,1,1,1,54,54,54,1,0,1
192.168.100.14,23.49.60.199,1,689,7,3,3,2,205,54,86.125,8,3,5
216.58.203.14,192.168.100.14,1,54,1,1,1,1,54,54,54,1,0,1
192.168.100.14,216.58.203.14,0,17133,64,4,4,4,1484,54,259.5909090909091,66,34,32
192.168.100.14,52.114.76.37,1,34067,46,3,2,2,1514,54,724.8297872340426,47,19,28
192.168.100.14,52.114.132.21,1,7307,15,3,2,2,1514,54,456.68749999999994,16,7,9
52.114.132.21,192.168.100.14,1,54,1,1,1,1,54,54,54,1,0,1
192.168.100.14,52.114.132.21,1,18233,27,3,3,2,1514,54,651.1785714285714,28,10,18
52.114.76.37,192.168.100.14,1,54,1,1,1,1,54,54,54,1,0,1
192.168.100.14,52.114.76.37,0,54,1,0,1,1,54,54,54,1,0,1
23.49.60.199,192.168.100.14,1,54,1,1,1,1,54,54,54,1,0,1
192.168.100.14,23.49.60.199,1,689,7,3,3,2,205,54,86.125,8,3,5
192.168.100.14,172.16.3.59,0,360,3,3,2,2,66,54,60.0,6,3,3
192.168.100.14,173.194.4.233,1,7709536,7681,5,4,4,1486,54,1003.3232691306602,7684,5077,2607
23.49.60.199,192.168.100.14,1,54,1,1,1,1,54,54,54,1,0,1
192.168.100.14,23.49.60.199,1,689,7,3,3,2,205,54,86.125,8,3,5
23.49.60.152,192.168.100.14,1,54,1,1,1,1,54,54,54,1,0,1
192.168.100.14,23.49.60.152,1,689,7,3,3,2,205,54,86.125,8,3,5
192.168.100.14,173.194.4.233,1,108,2,1,1,1,54,54,54.0,2,0,2
192.168.100.14,172.16.3.55,0,198,0,3,1,1,66,66,66.0,3,0,3
192.168.100.14,173.194.4.233,1,6300060,5673,1,3,3,1486,54,1110.5341089370702,5673,4181,1492
23.49.60.152,192.168.100.14,1,54,1,1,1,1,54,54,54,1,0,1
192.168.100.14,23.49.60.152,1,689,7,3,3,2,205,54,86.125,8,3,5
192.168.100.14,159.65.5.64,1,27511,99,7,5,5,1514,54,269.7156862745098,102,54,48
192.168.100.14,172.217.24.202,1,15062,120,3,2,2,630,54,124.47933884297527,121,74,47
192.168.100.14,216.58.199.3,1,59018,82,3,2,2,1484,54,711.0602409638553,83,52,31
192.168.100.14,104.24.109.21,1,11842,39,3,2,2,1514,54,296.05,40,21,19
192.168.100.14,172.217.25.14,1,24189,50,3,2,2,1484,54,474.29411764705884,51,30,21
192.168.100.14,216.58.203.34,1,13242,70,5,3,3,1484,54,183.91666666666666,72,39,33
192.168.100.14,157.240.7.38,1,118092,151,3,2,2,1464,54,776.921052631579,152,104,48
192.168.100.14,172.217.24.200,1,153877,934,3,2,2,1484,54,164.57433155080213,935,576,359
192.168.100.14,172.217.25.3,1,447732,531,3,2,2,1484,54,841.6015037593987,532,367,165
192.168.100.14,117.18.237.66,1,159558,215,7,5,5,1514,54,731.9174311926603,218,134,84
192.168.100.14,104.244.42.72,0,55893,243,2,2,2,1514,54,229.06967213114754,244,116,128
192.168.100.14,157.240.7.26,1,195581,222,5,3,3,1464,54,873.1294642857146,224,150,74
192.168.100.14,216.58.199.14,1,111863,707,3,2,2,1484,54,157.99858757062157,708,441,267
192.168.100.14,64.13.192.146,1,23123,44,9,5,5,1514,54,481.72916666666674,48,26,22
192.168.100.14,172.217.25.10,1,308827,331,5,4,4,1514,54,927.4084084084086,333,240,93
192.168.100.14,64.13.192.146,1,54,1,1,1,1,54,54,54,1,0,1
192.168.100.14,64.13.192.146,1,54,1,1,1,1,54,54,54,1,0,1
192.168.100.14,64.13.192.146,1,54,1,1,1,1,54,54,54,1,0,1
64.13.192.146,192.168.100.14,1,1364970,1252,9,9,9,1514,54,1086.7595541401245,1256,355,901
23.49.60.199,192.168.100.14,1,54,1,1,1,1,54,54,54,1,0,1
192.168.100.14,23.49.60.199,1,689,7,3,3,2,205,54,86.125,8,3,5
192.168.100.14,13.67.50.225,0,17926,34,2,2,2,1514,54,512.1714285714286,35,16,19
192.168.100.14,52.109.124.5,1,37011,47,4,2,2,1514,54,755.3265306122449,49,21,28
52.109.124.5,192.168.100.14,1,54,1,1,1,1,54,54,54,1,0,1
192.168.100.14,52.109.124.5,1,37053,49,3,3,2,1514,54,741.06,50,22,28
192.168.100.14,75.119.198.160,1,804213,719,13,7,7,1514,54,1109.2593103448253,725,549,176
23.49.60.199,192.168.100.14,1,54,1,1,1,1,54,54,54,1,0,1
192.168.100.14,23.49.60.199,1,689,7,3,3,2,205,54,86.125,8,3,5
192.168.100.14,75.119.198.160,1,108,2,1,2,2,54,54,54.0,2,1,1
192.168.100.14,75.119.198.160,1,108,2,1,2,2,54,54,54.0,2,1,1
192.168.100.14,75.119.198.160,1,108,2,1,2,2,54,54,54.0,2,1,1
192.168.100.14,75.119.198.160,1,108,2,1,2,2,54,54,54.0,2,1,1
192.168.100.14,75.119.198.160,1,108,2,1,2,2,54,54,54.0,2,1,1
192.168.100.14,75.119.198.160,1,108,2,1,2,1,54,54,54.0,2,0,2
192.168.100.14,159.65.5.64,1,108,2,1,1,1,54,54,54.0,2,0,2
192.168.100.14,159.65.5.64,1,162,3,1,3,3,54,54,54.0,3,2,1
192.168.100.14,159.65.5.64,1,108,2,1,2,2,54,54,54.0,2,1,1
192.168.100.14,159.65.5.64,1,162,3,1,2,2,54,54,54.0,3,0,3
192.168.100.14,159.65.5.64,1,49155,70,5,5,4,1514,54,682.7083333333334,72,48,24
192.168.100.14,75.119.198.160,1,108,2,1,2,1,54,54,54.0,2,0,2
192.168.100.14,75.119.198.160,1,108,2,1,2,1,54,54,54.0,2,0,2
192.168.100.14,75.119.198.160,1,108,2,1,2,1,54,54,54.0,2,0,2
192.168.100.14,75.119.198.160,1,108,2,1,2,1,54,54,54.0,2,0,2
192.168.100.14,75.119.198.160,1,108,2,1,2,1,54,54,54.0,2,0,2
192.168.100.14,75.119.198.160,0,54,1,0,1,1,54,54,54,1,0,1
192.168.100.14,64.13.233.12,1,75209,98,9,5,5,1514,54,737.343137254902,102,64,38
192.168.100.14,172.16.3.114,0,198,0,3,1,1,66,66,66.0,3,0,3
192.168.100.14,157.240.7.41,1,9225,45,3,2,2,1387,54,200.54347826086956,46,23,23
192.168.100.14,64.13.233.12,1,108,2,1,2,2,54,54,54.0,2,1,1
192.168.100.14,64.13.233.12,1,108,2,1,2,2,54,54,54.0,2,1,1
192.168.100.14,64.13.233.12,1,108,2,1,2,2,54,54,54.0,2,1,1
192.168.100.14,64.13.233.12,1,108,2,1,2,1,54,54,54.0,2,0,2
23.49.60.199,192.168.100.14,1,54,1,1,1,1,54,54,54,1,0,1
192.168.100.14,23.49.60.199,1,689,7,3,3,2,205,54,86.125,8,3,5
192.168.100.14,64.13.233.12,1,108,2,1,2,1,54,54,54.0,2,0,2
192.168.100.14,64.13.233.12,1,108,2,1,2,1,54,54,54.0,2,0,2
192.168.100.14,64.13.233.12,1,108,2,1,2,1,54,54,54.0,2,0,2
192.168.100.14,64.13.233.12,0,54,1,0,1,1,54,54,54,1,0,1
23.49.60.199,192.168.100.14,1,54,1,1,1,1,54,54,54,1,0,1
192.168.100.14,23.49.60.199,1,689,7,3,3,2,205,54,86.125,8,3,5
192.168.100.14,216.58.200.10,1,4471,30,3,2,2,780,54,144.2258064516129,31,17,14
23.9.187.49,192.168.100.14,1,6901,20,3,3,3,1514,54,328.6190476190476,21,10,11
157.240.7.26,192.168.100.14,1,54,1,1,1,1,54,54,54,1,0,1
192.168.100.14,157.240.7.26,1,364,6,1,3,3,93,54,60.666666666666664,6,3,3
192.168.100.14,172.217.161.150,0,162,3,0,1,1,54,54,54.0,3,0,3
23.49.60.199,192.168.100.14,1,54,1,1,1,1,54,54,54,1,0,1
192.168.100.14,23.49.60.199,1,689,7,3,3,2,205,54,86.125,8,3,5
192.168.100.14,172.217.24.36,0,162,3,0,1,1,54,54,54.0,3,0,3
192.168.100.14,172.16.3.84,0,198,0,3,1,1,66,66,66.0,3,0,3
192.168.100.14,159.65.5.64,1,108,2,1,2,2,54,54,54.0,2,1,1
23.49.60.152,192.168.100.14,1,54,1,1,1,1,54,54,54,1,0,1
192.168.100.14,23.49.60.152,1,689,7,3,3,2,205,54,86.125,8,3,5
192.168.100.14,159.65.5.64,1,162,3,1,1,1,54,54,54.0,3,0,3
159.65.5.64,192.168.100.14,1,108,2,1,2,2,54,54,54.0,2,1,1
192.168.100.14,216.58.220.206,1,4266,33,3,2,2,581,54,125.47058823529406,34,17,17
192.168.100.14,5.45.58.173,1,1752,6,3,2,2,1132,54,250.28571428571428,7,3,4
5.45.58.173,192.168.100.14,1,54,1,1,1,1,54,54,54,1,0,1
192.168.100.14,5.45.58.173,0,54,1,0,1,1,54,54,54,1,0,1
192.168.100.14,204.79.197.222,0,9965,35,2,2,2,1514,54,276.8055555555555,36,18,18
192.168.100.14,125.56.228.72,1,9862,17,3,2,2,1514,54,547.8888888888889,18,10,8
192.168.100.14,23.66.249.177,1,5476,11,3,2,2,1514,54,456.3333333333333,12,6,6
23.49.60.199,192.168.100.14,1,54,1,1,1,1,54,54,54,1,0,1
192.168.100.14,23.49.60.199,1,689,7,3,3,2,205,54,86.125,8,3,5
192.168.100.14,13.107.3.254,0,9246,31,2,2,2,1514,54,288.9375,32,18,14
192.168.100.14,104.25.93.35,1,8918,23,5,4,4,1514,54,356.72,25,13,12
192.168.100.14,159.65.5.64,1,41445,101,9,7,6,1514,54,394.7142857142857,105,58,47
192.168.100.14,172.16.3.83,0,198,0,3,1,1,66,66,66.0,3,0,3
192.168.100.14,173.194.4.233,1,108,2,1,1,1,54,54,54.0,2,0,2
192.168.100.14,173.194.4.233,1,15260628,14788,3,3,3,1486,54,1031.820689655165,14790,10055,4735
23.49.60.199,192.168.100.14,1,54,1,1,1,1,54,54,54,1,0,1
192.168.100.14,23.49.60.199,1,689,7,3,3,2,205,54,86.125,8,3,5
192.168.100.14,52.216.102.34,1,5828,14,3,2,2,1514,54,388.53333333333336,15,8,7
192.168.100.14,52.216.82.18,1,5866,14,3,2,2,1514,54,391.06666666666666,15,8,7
157.240.7.26,192.168.100.14,1,54,1,1,1,1,54,54,54,1,0,1
192.168.100.14,157.240.7.26,1,73070,104,3,3,3,1464,54,695.9047619047622,105,59,46
23.49.60.152,192.168.100.14,1,54,1,1,1,1,54,54,54,1,0,1
192.168.100.14,23.49.60.152,1,689,7,3,3,2,205,54,86.125,8,3,5
192.168.100.14,217.160.223.108,1,314443,281,11,6,6,1514,54,1099.4510489510487,286,221,65
192.168.100.14,172.217.31.234,1,7581,35,3,2,2,1484,54,210.58333333333334,36,20,16
192.168.100.14,172.217.25.13,1,8419,38,3,2,2,1484,54,215.87179487179486,39,22,17
192.168.100.14,216.58.220.195,1,11784,36,3,2,2,1484,54,318.4864864864865,37,20,17
192.168.100.14,159.65.5.64,1,108,2,1,2,2,54,54,54.0,2,1,1
192.168.100.14,159.65.5.64,1,108,2,1,1,1,54,54,54.0,2,0,2
192.168.100.14,159.65.5.64,1,162,3,1,3,3,54,54,54.0,3,1,2
192.168.100.14,159.65.5.64,1,108,2,1,2,2,54,54,54.0,2,1,1
192.168.100.14,208.113.196.223,1,236587,206,5,3,3,1514,54,1137.4375000000002,208,163,45
192.168.100.14,117.18.237.66,1,162,3,1,2,2,54,54,54.0,3,1,2
208.113.196.223,192.168.100.14,1,44122,33,1,2,3,1514,54,1337.0303030303028,33,2,31
192.168.100.14,159.65.5.64,1,108,2,1,2,2,54,54,54.0,2,1,1
192.168.100.14,208.113.196.223,1,108,2,1,1,1,54,54,54.0,2,0,2
192.168.100.14,159.65.5.64,1,162,3,1,2,2,54,54,54.0,3,0,3
192.168.100.14,52.216.102.34,1,108,2,1,1,1,54,54,54.0,2,0,2
192.168.100.14,52.216.82.18,1,108,2,1,1,1,54,54,54.0,2,0,2
23.49.60.152,192.168.100.14,1,54,1,1,1,1,54,54,54,1,0,1
192.168.100.14,23.49.60.152,1,689,7,3,3,2,205,54,86.125,8,3,5
192.168.100.14,104.25.93.35,1,108,2,1,1,1,54,54,54.0,2,0,2
192.168.100.14,217.160.223.108,1,108,2,1,2,2,54,54,54.0,2,1,1
192.168.100.14,217.160.223.108,1,108,2,1,2,2,54,54,54.0,2,1,1
192.168.100.14,217.160.223.108,1,108,2,1,2,2,54,54,54.0,2,1,1
192.168.100.14,217.160.223.108,1,108,2,1,2,2,54,54,54.0,2,1,1
192.168.100.14,217.160.223.108,1,108,2,1,2,1,54,54,54.0,2,0,2
192.168.100.14,172.16.3.81,0,198,0,3,1,1,66,66,66.0,3,0,3
192.168.100.14,52.216.102.34,0,54,1,0,1,1,54,54,54,1,0,1
192.168.100.14,217.160.223.108,1,54,1,1,1,1,54,54,54,1,0,1
192.168.100.14,217.160.223.108,1,270,5,1,5,1,54,54,54.0,5,0,5
192.168.100.14,52.216.82.18,0,54,1,0,1,1,54,54,54,1,0,1
192.168.100.14,159.65.5.64,1,13233,101,7,5,5,595,54,127.24038461538456,104,51,53
192.168.100.14,208.113.196.223,1,370075,323,3,3,2,1514,54,1142.2067901234575,324,243,81
192.168.100.14,217.160.223.108,1,4247,11,3,3,2,1514,54,353.9166666666667,12,6,6
192.168.100.14,192.30.252.153,1,22624,37,7,4,4,1514,54,565.6,40,23,17
192.168.100.14,52.229.172.155,0,19912,50,4,3,3,1514,54,382.9230769230769,52,26,26
192.168.100.14,23.67.0.253,1,6528,13,3,2,2,1514,54,466.2857142857143,14,7,7
23.67.0.253,192.168.100.14,1,193,3,1,2,2,85,54,64.33333333333333,3,1,2
192.168.100.14,52.216.98.242,1,47031,58,5,3,3,1514,54,783.85,60,37,23
23.66.249.177,192.168.100.14,1,54,1,1,1,1,54,54,54,1,0,1
192.168.100.14,23.66.249.177,0,54,1,0,1,1,54,54,54,1,0,1
125.56.228.72,192.168.100.14,1,193,3,1,2,2,85,54,64.33333333333333,3,1,2
23.49.60.199,192.168.100.14,1,54,1,1,1,1,54,54,54,1,0,1
192.168.100.14,23.49.60.199,1,689,7,3,3,2,205,54,86.125,8,3,5
192.168.100.14,52.216.98.242,1,54,1,1,1,1,54,54,54,1,0,1
52.216.98.242,192.168.100.14,1,483,4,1,1,2,321,54,120.75,4,0,4
192.168.100.14,52.216.98.242,1,5297,7,1,3,2,1514,54,756.7142857142857,7,4,3
192.168.100.14,104.236.181.76,1,5415,11,3,2,2,1514,54,451.25,12,7,5
192.168.100.14,205.185.208.52,1,671,5,3,2,2,377,54,111.83333333333333,6,2,4
205.185.208.52,192.168.100.14,1,54196,58,3,4,4,1514,54,918.5762711864406,59,13,46
192.168.100.14,192.30.252.153,1,108,2,1,1,1,54,54,54.0,2,0,2
192.168.100.14,192.30.252.153,1,162,2,1,2,3,54,54,54.0,3,2,1
192.168.100.14,192.30.252.153,1,108,2,1,2,2,54,54,54.0,2,1,1
192.168.100.14,104.236.181.76,1,108,2,1,1,1,54,54,54.0,2,0,2
192.168.100.14,192.30.252.153,1,108,2,1,1,1,54,54,54.0,2,0,2
192.168.100.14,141.138.168.126,1,76093,95,11,6,6,1514,54,760.9299999999998,100,64,36
192.168.100.14,192.30.252.153,1,108,2,1,2,1,54,54,54.0,2,0,2
192.168.100.14,104.236.181.76,1,2683,14,5,4,3,689,54,167.6875,16,7,9
192.168.100.14,192.30.252.153,1,249852,242,9,6,5,1514,54,1015.6585365853658,246,175,71
192.168.100.14,141.138.168.126,1,36480,32,1,3,3,1514,54,1140.0,32,25,7
192.168.100.14,141.138.168.126,1,108,2,1,2,2,54,54,54.0,2,1,1
192.168.100.14,141.138.168.126,1,108,2,1,2,2,54,54,54.0,2,1,1
192.168.100.14,141.138.168.126,1,108,2,1,2,1,54,54,54.0,2,0,2
192.168.100.14,141.138.168.126,1,54,1,1,1,1,54,54,54,1,0,1
192.168.100.14,141.138.168.126,1,54,1,1,1,1,54,54,54,1,0,1
192.168.100.14,141.138.168.126,1,108,2,1,2,1,54,54,54.0,2,0,2
192.168.100.14,141.138.168.126,1,96508,96,3,5,2,1514,54,994.9278350515464,97,67,30
192.168.100.14,217.70.184.38,1,1417,6,3,2,2,684,54,202.42857142857142,7,4,3
23.49.60.199,192.168.100.14,1,54,1,1,1,1,54,54,54,1,0,1
192.168.100.14,23.49.60.199,1,689,7,3,3,2,205,54,86.125,8,3,5
192.168.100.14,217.70.184.38,1,216,4,1,1,1,54,54,54.0,4,0,4
192.168.100.14,66.147.242.186,1,4072,17,5,3,3,669,54,214.31578947368422,19,9,10
192.168.100.14,117.18.237.66,1,55607,116,1,3,2,1514,54,479.3706896551723,116,60,56
66.147.242.186,192.168.100.14,1,108,2,1,1,1,54,54,54.0,2,0,2
192.168.100.14,23.67.0.253,1,6528,13,3,2,2,1514,54,466.2857142857143,14,7,7
23.67.0.253,192.168.100.14,1,193,3,1,2,2,85,54,64.33333333333333,3,1,2
192.168.100.14,50.62.230.1,1,52842,52,3,2,2,1514,54,997.0188679245283,53,37,16
192.168.100.14,52.114.77.33,1,7338,15,3,2,2,1514,54,458.625,16,7,9
192.168.100.14,83.162.203.56,1,18253,39,7,4,4,1506,54,434.5952380952381,42,22,20
52.114.77.33,192.168.100.14,1,54,1,1,1,1,54,54,54,1,0,1
192.168.100.14,52.114.77.33,0,54,1,0,1,1,54,54,54,1,0,1
50.62.230.1,192.168.100.14,1,293020,251,5,4,4,1514,54,1158.1818181818192,253,54,199
192.168.100.14,66.147.242.186,1,108,2,1,2,2,54,54,54.0,2,1,1
192.168.100.14,138.68.199.111,1,157578,179,13,7,7,1514,54,851.772972972973,185,124,61
192.168.100.14,104.28.11.111,1,5573,12,3,2,2,1514,54,428.6923076923077,13,8,5
192.168.100.14,66.147.242.186,1,108,2,1,1,1,54,54,54.0,2,0,2
192.168.100.14,66.147.242.186,0,54,1,0,1,1,54,54,54,1,0,1
192.168.100.14,138.68.203.173,1,7332,24,5,4,4,1514,54,282.0,26,13,13
192.168.100.14,138.68.199.111,1,114246,101,1,4,4,1514,54,1131.148514851485,101,77,24
138.68.199.111,192.168.100.14,1,15629,19,1,5,5,1514,54,822.5789473684209,19,4,15
23.49.60.199,192.168.100.14,1,54,1,1,1,1,54,54,54,1,0,1
192.168.100.14,23.49.60.199,1,689,7,3,3,2,205,54,86.125,8,3,5
192.168.100.14,172.16.3.80,0,198,0,3,1,1,66,66,66.0,3,0,3
192.168.100.14,46.30.215.21,1,2737,11,3,2,2,937,54,228.08333333333334,12,6,6
10.2.245.252,192.168.100.14,1,1222,10,4,7,8,94,94,94.0,13,0,13
192.168.100.14,69.89.31.69,1,103638,128,13,7,7,1514,54,773.4179104477611,134,87,47
192.168.100.14,83.162.203.56,1,43245,57,5,6,3,1506,54,732.9661016949152,59,34,25
192.168.100.14,46.30.215.21,0,108,2,0,1,1,54,54,54.0,2,0,2
192.168.100.14,74.125.203.157,1,11903,84,3,2,2,1484,54,140.03529411764708,85,50,35
192.168.100.14,157.240.7.41,1,4591,21,3,3,2,1319,54,208.6818181818182,22,10,12
192.168.100.14,34.205.99.223,1,8025,18,5,3,3,1514,54,401.25,20,9,11
192.168.100.14,69.89.31.69,1,108,2,1,2,2,54,54,54.0,2,1,1
192.168.100.14,69.89.31.69,1,108,2,1,2,2,54,54,54.0,2,1,1
192.168.100.14,69.89.31.69,1,108,2,1,2,2,54,54,54.0,2,1,1
192.168.100.14,69.89.31.69,1,108,2,1,2,2,54,54,54.0,2,1,1
69.89.31.69,192.168.100.14,1,54,1,1,1,1,54,54,54,1,0,1
192.168.100.14,69.89.31.69,1,162,3,1,3,1,54,54,54.0,3,0,3
192.168.100.14,69.89.31.69,1,108,2,1,2,1,54,54,54.0,2,0,2
192.168.100.14,69.89.31.69,1,108,2,1,2,1,54,54,54.0,2,0,2
192.168.100.14,69.89.31.69,1,54,1,1,1,1,54,54,54,1,0,1
192.168.100.14,69.89.31.69,1,162,3,1,3,1,54,54,54.0,3,0,3
192.168.100.14,69.89.31.69,1,108,2,1,2,1,54,54,54.0,2,0,2
192.168.100.14,69.89.31.69,1,13834,25,5,4,3,1514,54,512.3703703703703,27,15,12
192.168.100.14,192.30.252.154,1,3849,12,3,2,2,1514,54,296.076923076923,13,7,6
192.168.100.14,104.25.93.35,1,108,2,1,2,2,54,54,54.0,2,0,2
104.25.93.35,192.168.100.14,1,54,1,1,1,1,54,54,54,1,0,1
192.168.100.14,104.25.93.35,0,54,1,0,1,1,54,54,54,1,0,1
192.168.100.14,157.240.7.38,1,56434,108,3,3,2,1464,54,517.7431192660553,109,65,44
23.49.60.152,192.168.100.14,1,54,1,1,1,1,54,54,54,1,0,1
192.168.100.14,23.49.60.152,1,689,7,3,3,2,205,54,86.125,8,3,5
192.168.100.14,104.28.24.86,1,51531,105,13,7,7,1514,54,464.2432432432432,111,61,50
192.168.100.14,104.28.20.116,1,3302,10,3,2,2,1514,54,300.1818181818182,11,6,5
34.205.99.223,192.168.100.14,1,54,1,1,1,1,54,54,54,1,0,1
192.168.100.14,34.205.99.223,0,368,6,0,3,2,85,54,61.333333333333336,6,2,4
192.168.100.14,64.13.192.155,1,644924,620,13,7,7,1514,54,1030.2300319488813,626,444,182
192.168.100.14,192.30.252.154,1,108,2,1,1,1,54,54,54.0,2,0,2
192.168.100.14,192.30.252.154,0,54,1,0,1,1,54,54,54,1,0,1
23.49.60.152,192.168.100.14,1,54,1,1,1,1,54,54,54,1,0,1
192.168.100.14,23.49.60.152,1,689,7,3,3,2,205,54,86.125,8,3,5
192.168.100.14,205.186.179.214,1,177847,184,11,7,7,1514,54,940.9894179894178,189,130,59
192.168.100.14,64.13.192.155,1,108,2,1,1,1,54,54,54.0,2,0,2
192.168.100.14,64.13.192.155,1,108,2,1,2,2,54,54,54.0,2,1,1
192.168.100.14,64.13.192.155,1,108,2,1,2,2,54,54,54.0,2,1,1
192.168.100.14,64.13.192.155,1,108,2,1,2,2,54,54,54.0,2,1,1
192.168.100.14,64.13.192.155,1,108,2,1,2,2,54,54,54.0,2,1,1
192.168.100.14,64.13.192.155,1,108,2,1,2,2,54,54,54.0,2,1,1
192.168.100.14,64.13.192.155,1,108,2,1,2,1,54,54,54.0,2,0,2
192.168.100.14,205.186.179.214,1,54,1,1,1,1,54,54,54,1,0,1
205.186.179.214,192.168.100.14,1,62668,52,1,3,3,1514,54,1205.153846153846,52,10,42
205.186.179.214,192.168.100.14,1,15248,12,1,2,2,1514,54,1270.6666666666667,12,0,12
192.168.100.14,64.13.192.155,1,108,2,1,2,1,54,54,54.0,2,0,2
192.168.100.14,64.13.192.155,1,54,1,1,1,1,54,54,54,1,0,1
192.168.100.14,64.13.192.155,1,162,3,1,3,1,54,54,54.0,3,0,3
192.168.100.14,64.13.192.155,1,108,2,1,2,1,54,54,54.0,2,0,2
192.168.100.14,64.13.192.155,1,1584,8,3,3,2,689,54,176.0,9,4,5
192.168.100.14,208.113.187.14,1,6071,15,3,2,2,1514,54,379.4375,16,9,7
192.168.100.14,205.186.179.214,1,162,3,1,2,2,54,54,54.0,3,0,3
192.168.100.14,172.16.3.63,0,198,0,3,1,1,66,66,66.0,3,0,3
192.168.100.14,208.113.187.14,1,108,2,1,1,1,54,54,54.0,2,0,2
192.168.100.14,104.28.11.111,1,108,2,1,1,1,54,54,54.0,2,0,2
192.168.100.14,208.113.187.14,0,54,1,0,1,1,54,54,54,1,0,1
192.168.100.14,104.28.11.111,0,54,1,0,1,1,54,54,54,1,0,1
192.168.100.14,217.160.0.110,1,61664,76,9,5,5,1514,54,770.8,80,51,29
217.160.0.110,192.168.100.14,1,1012,3,1,1,1,904,54,337.3333333333333,3,0,3
192.168.100.14,217.160.0.110,1,108,2,1,2,2,54,54,54.0,2,1,1
192.168.100.14,216.58.200.3,1,108,2,1,1,1,54,54,54.0,2,0,2
192.168.100.14,216.58.200.3,1,279,4,1,2,3,117,54,69.75,4,3,1
192.168.100.14,216.58.200.3,0,162,3,0,1,1,54,54,54.0,3,0,3
192.168.100.14,216.58.199.3,1,162,3,1,1,1,54,54,54.0,3,0,3
192.168.100.14,216.58.199.3,0,108,2,0,2,2,54,54,54.0,2,1,1
192.168.100.14,172.217.25.14,1,108,2,1,1,1,54,54,54.0,2,0,2
192.168.100.14,172.217.25.14,1,19733,39,9,6,6,1484,54,458.90697674418607,43,21,22
23.49.60.152,192.168.100.14,1,54,1,1,1,1,54,54,54,1,0,1
192.168.100.14,23.49.60.152,1,689,7,3,3,2,205,54,86.125,8,3,5
172.217.24.35,192.168.100.14,1,54,1,1,1,1,54,54,54,1,0,1
192.168.100.14,172.217.24.35,0,13098,83,4,4,4,1484,54,154.0941176470589,85,46,39
192.168.100.14,216.58.200.2,1,162,3,1,1,1,54,54,54.0,3,0,3
192.168.100.14,216.58.200.2,1,8385,59,5,4,4,626,54,137.45901639344262,61,33,28
192.168.100.14,216.58.203.34,1,279,4,1,3,2,117,54,69.75,4,1,3
216.58.203.34,192.168.100.14,1,54,1,1,1,1,54,54,54,1,0,1
192.168.100.14,216.58.203.34,0,108,2,0,2,2,54,54,54.0,2,1,1
192.168.100.14,172.217.24.34,1,171,2,1,2,2,117,54,85.5,2,1,1
192.168.100.14,172.217.24.34,1,162,3,1,1,1,54,54,54.0,3,0,3
192.168.100.14,172.217.24.34,0,108,2,0,2,2,54,54,54.0,2,1,1
205.186.179.214,192.168.100.14,1,54,1,1,1,1,54,54,54,1,0,1
192.168.100.14,205.186.179.214,1,314,5,1,3,2,85,54,62.8,5,3,2
192.168.100.14,172.217.161.168,1,35924,67,3,2,2,1484,54,528.2941176470589,68,35,33
192.168.100.14,192.30.252.153,1,15570,13,1,2,3,1514,54,1197.6923076923076,13,12,1
192.168.100.14,146.66.85.215,1,14400,21,5,3,3,1514,54,626.0869565217391,23,13,10
146.66.85.215,192.168.100.14,1,2190,4,1,1,1,1514,54,547.5,4,0,4
192.168.100.14,146.66.85.215,1,162,3,1,2,2,54,54,54.0,3,1,2
192.168.100.14,104.28.3.115,1,3421,10,3,2,2,1514,54,311.0,11,6,5
192.168.100.14,217.160.0.110,1,108,2,1,1,1,54,54,54.0,2,0,2
192.168.100.14,217.160.0.110,1,108,2,1,2,2,54,54,54.0,2,1,1
192.168.100.14,104.19.197.151,1,11697,39,3,2,2,1514,54,292.425,40,23,17
192.168.100.14,217.160.0.110,1,108,2,1,2,2,54,54,54.0,2,1,1
192.168.100.14,217.160.0.110,1,108,2,1,1,1,54,54,54.0,2,0,2
23.49.60.199,192.168.100.14,1,54,1,1,1,1,54,54,54,1,0,1
192.168.100.14,23.49.60.199,1,689,7,3,3,2,205,54,86.125,8,3,5
192.168.100.14,138.68.199.111,1,108,2,1,2,2,54,54,54.0,2,1,1
192.168.100.14,138.68.199.111,1,108,2,1,2,2,54,54,54.0,2,1,1
192.168.100.14,138.68.199.111,1,108,2,1,2,1,54,54,54.0,2,0,2
192.168.100.14,138.68.203.173,1,193,3,1,2,2,85,54,64.33333333333333,3,2,1
192.168.100.14,138.68.203.173,1,108,2,1,2,2,54,54,54.0,2,0,2
192.168.100.14,104.28.24.86,1,108,2,1,2,2,54,54,54.0,2,1,1
192.168.100.14,104.28.24.86,1,108,2,1,2,2,54,54,54.0,2,1,1
104.28.24.86,192.168.100.14,1,54,1,1,1,1,54,54,54,1,0,1
192.168.100.14,104.28.24.86,1,162,3,1,2,1,54,54,54.0,3,0,3
192.168.100.14,217.160.0.110,1,108,2,1,2,1,54,54,54.0,2,0,2
192.168.100.14,217.160.0.110,0,54,1,0,1,1,54,54,54,1,0,1
192.168.100.14,138.68.199.111,1,108,2,1,2,1,54,54,54.0,2,0,2
192.168.100.14,138.68.199.111,1,108,2,1,2,1,54,54,54.0,2,0,2
192.168.100.14,138.68.199.111,1,1752340,1576,25,14,13,1514,54,1103.4886649874056,1588,1181,407
192.168.100.14,104.28.24.86,1,108,2,1,2,1,54,54,54.0,2,0,2
192.168.100.14,138.68.203.173,1,11053,46,9,8,6,1514,54,221.05999999999997,50,23,27
192.168.100.14,104.28.24.86,1,108,2,1,2,1,54,54,54.0,2,0,2
192.168.100.14,104.28.24.86,1,108,2,1,2,1,54,54,54.0,2,0,2
192.168.100.14,104.28.24.86,1,108,2,1,2,2,54,54,54.0,2,1,1
192.168.100.14,104.28.24.86,1,108,2,1,2,2,54,54,54.0,2,1,1
192.168.100.14,104.28.24.86,1,108,2,1,2,1,54,54,54.0,2,0,2
192.168.100.14,69.163.216.230,1,3313,16,7,4,4,714,54,174.3684210526316,19,8,11
192.168.100.14,104.28.24.86,1,108,2,1,2,1,54,54,54.0,2,0,2
192.168.100.14,104.28.24.86,1,1518,10,3,3,2,733,54,138.0,11,5,6
192.168.100.14,192.30.252.153,1,108,2,1,2,2,54,54,54.0,2,1,1
192.168.100.14,192.30.252.153,1,108,2,1,2,2,54,54,54.0,2,1,1
192.168.100.14,192.30.252.153,1,108,2,1,2,1,54,54,54.0,2,0,2
69.163.216.230,192.168.100.14,1,108,2,1,1,2,54,54,54.0,2,0,2
192.168.100.14,69.163.216.230,1,19898,17,1,3,2,1514,54,1170.4705882352941,17,13,4
192.168.100.14,69.163.216.230,1,108,2,1,2,1,54,54,54.0,2,0,2
192.168.100.14,192.30.252.153,1,108,2,1,2,1,54,54,54.0,2,0,2
192.168.100.14,192.30.252.153,1,108,2,1,2,1,54,54,54.0,2,0,2
192.168.100.14,192.30.252.153,1,922,6,3,3,2,574,54,131.71428571428572,7,2,5
192.168.100.14,104.28.20.116,1,108,2,1,1,1,54,54,54.0,2,0,2
192.168.100.14,216.92.96.71,1,4704,12,3,2,2,1514,54,361.84615384615387,13,7,6
192.168.100.14,104.28.20.116,0,54,1,0,1,1,54,54,54,1,0,1
192.168.100.14,146.66.85.215,1,108,2,1,1,1,54,54,54.0,2,0,2
192.168.100.14,146.66.85.215,0,54,1,0,1,1,54,54,54,1,0,1
192.168.100.14,54.172.87.254,1,87867,94,5,3,3,1514,54,915.28125,96,64,32
192.168.100.14,216.92.96.71,1,108,2,1,1,1,54,54,54.0,2,0,2
192.168.100.14,216.92.96.71,0,54,1,0,1,1,54,54,54,1,0,1
69.163.216.230,192.168.100.14,1,54,1,1,1,1,54,54,54,1,0,1
192.168.100.14,69.163.216.230,0,54,1,0,1,1,54,54,54,1,0,1
23.49.60.152,192.168.100.14,1,54,1,1,1,1,54,54,54,1,0,1
192.168.100.14,23.49.60.152,1,689,7,3,3,2,205,54,86.125,8,3,5
54.172.87.254,192.168.100.14,1,1785,6,1,3,3,1502,54,297.5,6,2,4
192.168.100.14,178.18.82.116,1,22698,38,9,5,5,1514,54,540.4285714285716,42,23,19
192.168.100.14,184.26.194.15,1,9531,22,5,4,4,1514,54,397.125,24,12,12
178.18.82.116,192.168.100.14,1,1754,5,1,2,2,1514,54,350.8,5,1,4
192.168.100.14,184.26.194.15,1,108,2,1,1,1,54,54,54.0,2,0,2
192.168.100.14,184.26.194.15,1,834,14,1,3,3,66,54,59.57142857142857,14,6,8
192.168.100.14,188.166.32.155,1,38821,68,5,3,3,1514,54,554.5857142857141,70,37,33
178.18.82.116,192.168.100.14,1,54,1,1,1,1,54,54,54,1,0,1
192.168.100.14,178.18.82.116,1,108,2,1,2,2,54,54,54.0,2,1,1
192.168.100.14,178.18.82.116,1,108,2,1,2,1,54,54,54.0,2,0,2
192.168.100.14,178.18.82.116,1,162,3,1,3,1,54,54,54.0,3,0,3
192.168.100.14,216.104.165.80,1,2499,12,3,2,2,445,54,192.23076923076923,13,7,6
23.49.60.199,192.168.100.14,1,54,1,1,1,1,54,54,54,1,0,1
192.168.100.14,23.49.60.199,1,635,6,3,3,2,205,54,90.71428571428571,7,2,5
192.168.100.14,157.240.7.26,1,74707,90,3,3,2,1464,54,820.9560439560439,91,58,33
178.18.82.116,192.168.100.14,1,54,1,1,1,1,54,54,54,1,0,1
192.168.100.14,178.18.82.116,0,54,1,0,1,1,54,54,54,1,0,1
188.166.32.155,192.168.100.14,1,54,1,1,1,1,54,54,54,1,0,1
192.168.100.14,188.166.32.155,1,563,9,1,3,2,92,54,62.55555555555556,9,4,5
192.168.100.14,216.104.165.80,1,108,2,1,1,1,54,54,54.0,2,0,2
192.168.100.14,216.104.165.80,0,108,1,0,2,2,54,54,54.0,2,1,1
192.168.100.14,205.185.208.52,1,37308,38,3,3,3,1514,54,956.6153846153846,39,27,12
192.168.100.14,165.227.29.75,1,20821,36,5,4,4,1514,54,547.921052631579,38,20,18
192.168.100.14,216.58.200.10,1,162,3,1,2,2,54,54,54.0,3,1,2
192.168.100.14,104.28.3.115,1,108,2,1,1,1,54,54,54.0,2,0,2
192.168.100.14,104.28.3.115,0,54,1,0,1,1,54,54,54,1,0,1
192.168.100.14,165.227.29.75,1,162,3,1,1,1,54,54,54.0,3,0,3
192.168.100.14,37.252.121.88,1,2600,12,3,2,2,780,54,200.0,13,7,6
23.49.60.199,192.168.100.14,1,54,1,1,1,1,54,54,54,1,0,1
192.168.100.14,23.49.60.199,1,689,7,3,3,2,205,54,86.125,8,3,5
165.227.29.75,192.168.100.14,1,139,2,1,1,1,85,54,69.5,2,0,2
192.168.100.14,165.227.29.75,0,162,3,0,1,1,54,54,54.0,3,0,3
192.168.100.14,205.186.179.214,1,213573,199,5,4,4,1514,54,1062.55223880597,201,149,52
192.168.100.14,104.28.23.54,1,2541,10,3,2,2,1514,54,231.0,11,6,5
117.18.237.93,192.168.100.14,1,139,2,1,1,1,85,54,69.5,2,0,2
192.168.100.14,117.18.237.93,1,108,2,1,2,2,54,54,54.0,2,1,1
192.168.100.14,66.33.196.149,1,1962,10,3,2,2,437,54,178.36363636363637,11,6,5
192.168.100.14,66.33.196.149,1,108,2,1,1,1,54,54,54.0,2,0,2
192.168.100.14,172.16.3.58,0,360,3,3,2,2,66,54,60.0,6,3,3
192.168.100.14,66.33.196.149,0,54,1,0,1,1,54,54,54,1,0,1
23.49.60.199,192.168.100.14,1,54,1,1,1,1,54,54,54,1,0,1
192.168.100.14,23.49.60.199,1,689,7,3,3,2,205,54,86.125,8,3,5
192.168.100.14,69.163.162.136,1,2876,11,3,2,2,1015,54,239.66666666666666,12,6,6
192.168.100.14,69.163.162.136,1,108,2,1,1,1,54,54,54.0,2,0,2
192.168.100.14,69.163.162.136,0,54,1,0,1,1,54,54,54,1,0,1
192.168.100.14,54.172.87.254,1,108,2,1,1,1,54,54,54.0,2,0,2
23.49.60.152,192.168.100.14,1,54,1,1,1,1,54,54,54,1,0,1
192.168.100.14,23.49.60.152,1,689,7,3,3,2,205,54,86.125,8,3,5
192.168.100.14,54.172.87.254,0,54,1,0,1,1,54,54,54,1,0,1
192.168.100.14,192.241.203.9,1,73039,88,11,6,6,1514,54,785.3655913978495,93,62,31
192.168.100.14,205.186.179.214,1,108,2,1,1,1,54,54,54.0,2,0,2
192.168.100.14,205.186.179.214,1,108,2,1,2,1,54,54,54.0,2,0,2
216.58.220.206,192.168.100.14,1,54,1,1,1,1,54,54,54,1,0,1
192.168.100.14,216.58.220.206,0,108,2,0,2,2,54,54,54.0,2,1,1
192.168.100.14,69.164.221.227,1,12904,26,5,4,4,1514,54,460.85714285714283,28,14,14
192.168.100.14,192.241.203.9,1,108,2,1,2,2,54,54,54.0,2,1,1
192.168.100.14,192.241.203.9,1,108,2,1,2,2,54,54,54.0,2,1,1
192.241.203.9,192.168.100.14,1,54,1,1,1,1,54,54,54,1,0,1
192.168.100.14,192.241.203.9,1,162,3,1,3,2,54,54,54.0,3,1,2
192.168.100.14,192.241.203.9,1,108,2,1,2,1,54,54,54.0,2,0,2
192.168.100.14,192.241.203.9,1,108,2,1,2,1,54,54,54.0,2,0,2
192.168.100.14,192.241.203.9,1,54,1,1,1,1,54,54,54,1,0,1
192.168.100.14,192.241.203.9,1,162,3,1,3,1,54,54,54.0,3,0,3
192.168.100.14,192.241.203.9,1,108,2,1,2,1,54,54,54.0,2,0,2
192.168.100.14,192.241.203.9,0,54,1,0,1,1,54,54,54,1,0,1
205.186.179.214,192.168.100.14,1,54,1,1,1,1,54,54,54,1,0,1
192.168.100.14,205.186.179.214,1,16172,29,5,4,3,1514,54,521.6774193548388,31,18,13
192.168.100.14,69.164.221.227,1,108,2,1,1,1,54,54,54.0,2,0,2
192.168.100.14,45.33.84.235,1,51409,57,3,2,2,1514,54,886.3620689655172,58,37,21
192.168.100.14,69.164.221.227,1,108,2,1,2,2,54,54,54.0,2,1,1
192.168.100.14,69.164.221.227,1,162,3,1,1,1,54,54,54.0,3,0,3
45.33.84.235,192.168.100.14,1,666,3,1,1,1,558,54,222.0,3,0,3
192.168.100.14,45.33.84.235,0,108,2,0,1,1,54,54,54.0,2,0,2
23.49.60.152,192.168.100.14,1,54,1,1,1,1,54,54,54,1,0,1
192.168.100.14,23.49.60.152,1,689,7,3,3,2,205,54,86.125,8,3,5
192.168.100.14,104.28.23.54,1,108,2,1,1,1,54,54,54.0,2,0,2
192.168.100.14,104.28.23.54,0,54,1,0,1,1,54,54,54,1,0,1
192.168.100.14,205.186.179.214,1,162,3,1,1,1,54,54,54.0,3,0,3
192.168.100.14,85.92.140.136,1,1217,6,3,2,2,487,54,173.85714285714286,7,4,3
192.168.100.14,85.92.140.136,1,162,3,1,1,1,54,54,54.0,3,0,3
192.168.100.14,85.92.140.136,0,108,1,0,2,2,54,54,54.0,2,1,1
205.186.179.214,192.168.100.14,1,108,1,1,1,2,54,54,54.0,2,0,2
192.168.100.14,83.98.131.31,1,1916,8,3,2,2,611,54,212.88888888888889,9,4,5
192.168.100.14,205.186.179.214,1,108,2,1,1,1,54,54,54.0,2,0,2
192.168.100.14,205.186.179.214,1,432382,404,13,9,9,1514,54,1052.0243309002437,411,303,108
83.98.131.31,192.168.100.14,1,1435,3,1,1,1,1327,54,478.3333333333333,3,0,3
69.164.221.227,192.168.100.14,0,54,0,0,1,1,54,54,54,1,0,1
192.168.100.14,83.98.131.31,0,108,2,0,1,1,54,54,54.0,2,0,2
192.168.100.14,138.68.199.111,1,108,2,1,2,2,54,54,54.0,2,1,1
192.168.100.14,138.68.199.111,1,108,2,1,2,2,54,54,54.0,2,1,1
138.68.199.111,192.168.100.14,1,54,1,1,1,1,54,54,54,1,0,1
192.168.100.14,138.68.199.111,1,162,3,1,3,2,54,54,54.0,3,1,2
192.168.100.14,138.68.199.111,1,108,2,1,2,2,54,54,54.0,2,1,1
192.168.100.14,138.68.199.111,1,108,2,1,2,1,54,54,54.0,2,0,2
192.168.100.14,138.68.199.111,1,108,2,1,2,1,54,54,54.0,2,0,2
192.168.100.14,138.68.199.111,1,108,2,1,2,1,54,54,54.0,2,0,2
192.168.100.14,138.68.199.111,1,162,3,1,3,1,54,54,54.0,3,0,3
192.168.100.14,138.68.199.111,1,108,2,1,2,1,54,54,54.0,2,0,2
192.168.100.14,138.68.199.111,1,146888,156,9,12,10,1514,54,918.05,160,112,48
23.49.60.199,192.168.100.14,1,54,1,1,1,1,54,54,54,1,0,1
192.168.100.14,23.49.60.199,1,689,7,3,3,2,205,54,86.125,8,3,5
192.168.100.14,95.143.172.171,1,5563,10,3,2,2,1514,54,505.72727272727275,11,7,4
192.168.100.14,95.143.172.171,1,108,2,1,1,1,54,54,54.0,2,0,2
192.168.100.14,95.143.172.171,1,1500,7,3,3,2,625,54,187.5,8,4,4
192.168.100.14,95.143.172.171,0,108,2,0,1,1,54,54,54.0,2,0,2
192.168.100.14,37.252.121.88,1,108,2,1,1,1,54,54,54.0,2,0,2
192.168.100.14,37.252.121.88,0,54,1,0,1,1,54,54,54,1,0,1
192.168.100.14,139.59.148.67,1,8473,18,3,2,2,1514,54,445.94736842105266,19,11,8
192.168.100.14,184.86.250.33,1,78464,93,9,5,5,1514,54,808.9072164948453,97,63,34
192.168.100.14,173.222.148.90,1,2177,21,3,2,2,531,54,98.95454545454545,22,10,12
192.168.100.14,54.173.47.128,1,1657,9,3,2,2,668,54,165.7,10,5,5
192.168.100.14,52.74.198.62,1,1916,9,3,2,2,908,54,191.6,10,5,5
192.168.100.14,184.84.59.208,1,14597,34,3,2,2,1514,54,417.05714285714294,35,19,16
192.168.100.14,54.251.186.7,1,8911,31,5,4,4,1514,54,270.030303030303,33,17,16
192.168.100.14,13.251.224.141,1,3286,12,3,2,2,1090,54,252.76923076923077,13,7,6
192.168.100.14,104.254.150.70,1,1821,7,3,2,2,843,54,227.625,8,4,4
192.168.100.14,52.77.237.39,1,2084,10,3,2,2,525,54,189.45454545454547,11,6,5
192.168.100.14,103.15.158.128,1,1717,7,3,2,2,891,54,214.625,8,4,4
192.168.100.14,156.154.136.36,1,1343,6,3,2,2,560,54,191.85714285714286,7,3,4
192.168.100.14,52.198.228.123,1,8823,27,5,4,4,1514,54,304.2413793103448,29,15,14
157.240.7.41,192.168.100.14,1,54,1,1,1,1,54,54,54,1,0,1
192.168.100.14,157.240.7.41,1,4801,23,5,4,4,1349,54,192.04,25,11,14
192.168.100.14,138.68.203.173,1,108,2,1,1,1,54,54,54.0,2,0,2
192.168.100.14,138.68.203.173,1,193,3,1,2,2,85,54,64.33333333333333,3,2,1
156.154.136.36,192.168.100.14,1,54,1,1,1,1,54,54,54,1,0,1
192.168.100.14,156.154.136.36,0,108,2,0,2,2,54,54,54.0,2,1,1
192.168.100.14,13.209.249.149,1,1510,7,3,2,2,609,54,188.75,8,4,4
192.168.100.14,23.215.135.41,1,4257,22,3,2,2,1514,54,185.08695652173913,23,11,12
192.168.100.14,138.68.203.173,1,216,4,1,2,2,54,54,54.0,4,1,3
192.168.100.14,138.68.203.173,1,193,3,1,2,2,85,54,64.33333333333333,3,2,1
192.168.100.14,138.68.203.173,1,162,3,1,2,2,54,54,54.0,3,0,3
192.168.100.14,138.68.203.173,0,108,2,0,2,2,54,54,54.0,2,0,2
192.168.100.14,50.28.51.184,1,5188,12,3,2,2,1514,54,399.0769230769231,13,7,6
192.168.100.14,139.59.148.67,1,108,2,1,1,1,54,54,54.0,2,0,2
23.49.60.199,192.168.100.14,1,54,1,1,1,1,54,54,54,1,0,1
192.168.100.14,23.49.60.199,1,689,7,3,3,2,205,54,86.125,8,3,5
192.168.100.14,172.217.31.234,1,108,2,1,1,1,54,54,54.0,2,0,2
192.168.100.14,172.217.31.234,0,108,2,0,2,2,54,54,54.0,2,1,1
192.168.100.14,172.217.25.13,0,108,2,0,1,1,54,54,54.0,2,0,2
192.168.100.14,50.28.51.184,1,108,2,1,1,1,54,54,54.0,2,0,2
192.168.100.14,216.58.220.195,0,108,2,0,1,1,54,54,54.0,2,0,2
192.168.100.14,172.217.161.142,1,108,2,1,1,1,54,54,54.0,2,0,2
192.168.100.14,172.217.161.142,0,108,1,0,2,2,54,54,54.0,2,1,1
192.168.100.14,139.59.148.67,0,54,1,0,1,1,54,54,54,1,0,1
192.168.100.14,50.28.51.184,0,54,1,0,1,1,54,54,54,1,0,1
192.168.100.14,192.254.185.197,1,14432,26,3,2,2,1514,54,534.5185185185185,27,16,11
192.168.100.14,103.15.158.128,1,108,2,1,1,1,54,54,54.0,2,0,2
192.168.100.14,52.77.237.39,1,108,2,1,1,1,54,54,54.0,2,0,2
192.168.100.14,104.254.150.70,1,108,2,1,1,1,54,54,54.0,2,0,2
138.68.199.111,192.168.100.14,1,54,1,1,1,1,54,54,54,1,0,1
192.168.100.14,138.68.199.111,1,162,3,1,3,2,54,54,54.0,3,1,2
192.168.100.14,138.68.199.111,1,108,2,1,2,2,54,54,54.0,2,1,1
192.168.100.14,138.68.199.111,1,108,2,1,2,2,54,54,54.0,2,1,1
192.168.100.14,138.68.199.111,1,108,2,1,2,2,54,54,54.0,2,1,1
192.168.100.14,138.68.199.111,1,108,2,1,2,1,54,54,54.0,2,0,2
192.168.100.14,103.15.158.128,0,54,1,0,1,1,54,54,54,1,0,1
192.168.100.14,104.254.150.70,0,54,1,0,1,1,54,54,54,1,0,1
192.168.100.14,52.77.237.39,0,54,1,0,1,1,54,54,54,1,0,1
192.168.100.14,138.68.199.111,1,108,2,1,2,1,54,54,54.0,2,0,2
192.168.100.14,138.68.199.111,1,162,3,1,3,1,54,54,54.0,3,0,3
192.168.100.14,138.68.199.111,1,108,2,1,2,1,54,54,54.0,2,0,2
192.168.100.14,138.68.199.111,1,108,2,1,2,1,54,54,54.0,2,0,2
192.168.100.14,138.68.199.111,1,140850,152,13,12,11,1514,54,891.4556962025321,158,109,49
184.86.250.33,192.168.100.14,1,54,1,1,1,1,54,54,54,1,0,1
192.168.100.14,184.86.250.33,1,2649,44,1,5,4,66,54,60.20454545454545,44,21,23
192.168.100.14,104.28.8.19,1,3385,10,3,2,2,1514,54,307.72727272727275,11,6,5
192.168.100.14,185.48.81.253,1,5098,14,3,2,2,1514,54,339.8666666666667,15,9,6
192.168.100.14,185.48.81.253,1,231,3,1,1,1,123,54,77.0,3,0,3
185.48.81.253,192.168.100.14,0,108,2,0,1,1,54,54,54.0,2,0,2
23.49.60.152,192.168.100.14,1,54,1,1,1,1,54,54,54,1,0,1
192.168.100.14,23.49.60.152,1,689,7,3,3,2,205,54,86.125,8,3,5
192.168.100.14,172.16.3.90,0,198,0,3,1,1,66,66,66.0,3,0,3
192.168.100.14,45.55.185.169,1,59552,85,14,9,8,1514,54,647.3043478260867,92,51,41
192.168.100.14,45.55.185.169,1,54,1,1,1,1,54,54,54,1,0,1
192.168.100.14,45.55.185.169,1,54,1,1,1,1,54,54,54,1,0,1
45.55.185.169,192.168.100.14,1,967,7,1,3,2,404,54,138.14285714285714,7,5,2
45.55.185.169,192.168.100.14,1,64212,59,2,5,5,1514,54,1088.3389830508472,59,11,48
45.55.185.169,192.168.100.14,1,54,1,1,1,1,54,54,54,1,0,1
45.55.185.169,192.168.100.14,1,54,1,1,1,1,54,54,54,1,0,1
45.55.185.169,192.168.100.14,1,702,3,1,1,1,594,54,234.0,3,0,3
192.168.100.14,45.55.185.169,1,620,8,1,4,3,191,54,77.5,8,4,4
104.24.109.21,192.168.100.14,1,54,1,1,1,1,54,54,54,1,0,1
192.168.100.14,104.24.109.21,1,108,2,1,2,2,54,54,54.0,2,1,1
104.24.109.21,192.168.100.14,0,54,1,0,1,1,54,54,54,1,0,1
192.168.100.14,31.170.123.73,1,17275,42,7,5,5,1514,54,383.8888888888889,45,23,22
10.2.245.252,192.168.100.14,0,2068,15,7,13,9,94,94,94.0,22,0,22
192.168.100.14,13.209.249.149,1,108,2,1,1,1,54,54,54.0,2,0,2
192.168.100.14,31.170.123.73,1,193,3,1,2,2,85,54,64.33333333333333,3,2,1
192.168.100.14,31.170.123.73,1,162,3,1,2,2,54,54,54.0,3,0,3
192.168.100.14,13.209.249.149,0,54,1,0,1,1,54,54,54,1,0,1
192.168.100.14,31.170.123.73,1,162,3,1,3,2,54,54,54.0,3,0,3
23.49.60.152,192.168.100.14,1,54,1,1,1,1,54,54,54,1,0,1
192.168.100.14,23.49.60.152,1,755,7,4,3,2,205,54,83.88888888888889,9,3,6
192.168.100.14,75.147.31.145,1,3142,11,3,2,2,1455,54,261.8333333333333,12,6,6
192.168.100.14,5.62.38.21,0,1123,7,2,2,2,559,54,140.375,8,3,5
192.168.100.14,104.20.217.2,1,2227060,1822,5,3,3,1514,54,1220.9758771929828,1824,1460,364
192.168.100.14,23.49.60.129,0,114058,101,2,2,2,1514,54,1118.2156862745107,102,79,23
192.168.100.14,23.49.60.137,0,2058,7,2,2,2,1439,54,257.25,8,3,5
192.168.100.14,77.234.45.53,0,1118,8,2,2,2,322,54,124.22222222222223,9,4,5
192.168.100.14,173.194.4.233,1,923135,857,5,4,3,1486,54,1074.6623981373698,859,620,239
192.168.100.14,104.28.27.89,1,3482,10,3,2,2,1514,54,316.54545454545456,11,6,5
192.168.100.14,75.147.31.145,1,108,2,1,1,1,54,54,54.0,2,0,2
192.168.100.14,75.147.31.145,0,54,1,0,1,1,54,54,54,1,0,1
192.168.100.14,104.28.21.67,1,151353,156,5,4,4,1514,54,957.9303797468355,158,115,43
192.168.100.14,45.55.185.169,1,54,1,1,1,1,54,54,54,1,0,1
31.170.123.73,192.168.100.14,1,54,1,1,1,1,54,54,54,1,0,1
192.168.100.14,31.170.123.73,0,54,1,0,1,1,54,54,54,1,0,1
45.55.185.169,192.168.100.14,1,54,1,1,1,1,54,54,54,1,0,1
192.168.100.14,45.55.185.169,1,108,2,1,2,2,54,54,54.0,2,1,1
192.168.100.14,45.55.185.169,1,229,4,1,3,3,66,54,57.25,4,2,2
192.168.100.14,205.185.208.52,1,108,2,1,1,1,54,54,54.0,2,0,2
192.168.100.14,138.68.199.111,1,108,2,1,2,2,54,54,54.0,2,1,1
192.168.100.14,138.68.199.111,1,108,2,1,2,2,54,54,54.0,2,1,1
192.168.100.14,138.68.199.111,1,108,2,1,2,2,54,54,54.0,2,1,1
192.168.100.14,138.68.199.111,1,108,2,1,2,1,54,54,54.0,2,0,2
192.168.100.14,172.217.25.10,1,108,2,1,1,1,54,54,54.0,2,0,2
23.49.60.152,192.168.100.14,1,54,1,1,1,1,54,54,54,1,0,1
192.168.100.14,23.49.60.152,1,689,7,3,3,2,205,54,86.125,8,3,5
192.168.100.14,172.217.25.10,1,116995,124,1,3,3,1484,54,943.5080645161288,124,94,30
192.168.100.14,205.185.208.52,1,276769,301,6,5,4,1514,54,910.4243421052631,304,195,109
192.168.100.14,138.68.199.111,1,108,2,1,2,1,54,54,54.0,2,0,2
192.168.100.14,138.68.199.111,1,108,2,1,2,1,54,54,54.0,2,0,2
192.168.100.14,138.68.199.111,1,108,2,1,2,1,54,54,54.0,2,0,2
192.168.100.14,138.68.199.111,1,400372,413,23,19,18,1514,54,944.2735849056604,424,299,125
104.20.217.2,192.168.100.14,1,54,1,1,1,1,54,54,54,1,0,1
192.168.100.14,104.20.217.2,1,108,2,1,2,2,54,54,54.0,2,1,1
192.168.100.14,52.74.198.62,1,108,2,1,1,1,54,54,54.0,2,0,2
192.168.100.14,54.173.47.128,1,108,2,1,1,1,54,54,54.0,2,0,2
192.168.100.14,54.251.186.7,1,108,2,1,1,1,54,54,54.0,2,0,2
192.168.100.14,52.198.228.123,1,108,2,1,1,1,54,54,54.0,2,0,2
52.74.5.29,192.168.100.14,1,54,1,1,1,1,54,54,54,1,0,1
192.168.100.14,52.74.5.29,1,247,4,1,3,2,85,54,61.75,4,1,3
192.168.100.14,54.173.47.128,0,108,1,0,2,2,54,54,54.0,2,1,1
192.168.100.14,52.74.198.62,0,54,1,0,1,1,54,54,54,1,0,1
192.168.100.14,54.251.186.7,1,208,3,1,3,3,100,54,69.33333333333333,3,1,2
192.168.100.14,52.74.5.29,1,108,2,1,2,1,54,54,54.0,2,0,2
192.168.100.14,52.198.228.123,1,301,5,1,3,3,85,54,60.2,5,2,3
192.168.100.14,52.74.5.29,1,162,3,1,3,3,54,54,54.0,3,1,2
192.168.100.14,104.27.160.86,1,58475,72,11,6,6,1514,54,759.4155844155844,77,49,28
192.168.100.14,13.251.224.141,1,162,3,1,1,1,54,54,54.0,3,0,3
54.251.186.7,192.168.100.14,1,85,1,1,1,1,85,85,85,1,0,1
192.168.100.14,54.251.186.7,0,162,3,0,2,2,54,54,54.0,3,1,2
13.251.224.141,192.168.100.14,0,54,0,0,1,1,54,54,54,1,0,1
192.168.100.14,104.27.160.86,1,236542,207,1,5,5,1514,54,1142.7149758454102,207,158,49
157.240.7.41,192.168.100.14,1,54,1,1,1,1,54,54,54,1,0,1
192.168.100.14,157.240.7.41,1,310,5,1,3,2,93,54,62.0,5,3,2
192.168.100.14,172.16.3.67,0,198,0,3,1,1,66,66,66.0,3,0,3
192.168.13.5,192.168.100.14,0,210,2,1,3,3,70,70,70.0,3,0,3
104.27.160.86,192.168.100.14,1,3311,7,1,3,3,1514,54,473.0,7,3,4
192.168.100.14,104.28.8.19,1,108,2,1,1,1,54,54,54.0,2,0,2
192.168.100.14,52.74.5.29,0,108,2,0,1,1,54,54,54.0,2,0,2
192.168.100.14,104.28.8.19,0,54,1,0,1,1,54,54,54,1,0,1
192.168.100.14,54.230.74.223,1,1890940,1936,5,4,4,1514,54,975.7172342621259,1938,1237,701
192.168.100.14,23.10.26.96,1,6673,22,3,2,2,1514,54,290.1304347826088,23,12,11
192.168.100.14,23.15.155.27,1,2696,8,3,2,2,1514,54,299.55555555555554,9,4,5
23.49.60.199,192.168.100.14,1,54,1,1,1,1,54,54,54,1,0,1
192.168.100.14,23.49.60.199,1,689,7,3,3,2,205,54,86.125,8,3,5
192.168.100.14,192.254.185.197,1,108,2,1,1,1,54,54,54.0,2,0,2
192.168.100.14,192.186.254.167,1,735,5,3,2,2,441,54,122.5,6,2,4
192.186.254.167,192.168.100.14,1,1175,3,1,1,1,1067,54,391.6666666666667,3,0,3
192.168.100.14,192.186.254.167,1,10411,30,7,5,4,1514,54,315.4848484848486,33,15,18
192.168.100.14,192.254.185.197,0,54,1,0,1,1,54,54,54,1,0,1
192.168.100.14,104.27.175.126,1,3455,13,3,2,2,1183,54,246.7857142857143,14,7,7
23.49.60.152,192.168.100.14,1,54,1,1,1,1,54,54,54,1,0,1
192.168.100.14,23.49.60.152,1,689,7,3,3,2,205,54,86.125,8,3,5
192.168.100.14,104.20.217.2,1,108,2,1,1,1,54,54,54.0,2,0,2
192.168.100.14,104.20.217.2,0,54,1,0,1,1,54,54,54,1,0,1
192.168.100.14,69.195.124.160,1,582005,511,3,2,2,1514,54,1136.7285156250007,512,385,127
192.168.100.14,216.58.220.194,0,21584,111,2,2,2,1484,54,192.71428571428578,112,62,50
192.168.100.14,216.58.203.36,0,1920419,2027,2,2,2,1484,54,946.9521696252458,2028,1418,610
192.168.100.14,172.217.24.38,1,3783,30,3,2,2,625,54,122.03225806451613,31,16,15
192.168.100.14,172.217.161.182,0,265875,332,2,2,2,1484,54,798.4234234234234,333,226,107
192.168.100.14,45.55.185.169,1,108,2,1,1,1,54,54,54.0,2,0,2
192.168.100.14,202.90.156.78,1,54,1,1,1,1,54,54,54,1,0,1
202.90.156.78,192.168.100.14,1,50029,49,3,4,4,1514,54,1000.5800000000006,50,15,35
188.166.32.155,192.168.100.14,1,131,2,1,1,1,77,54,65.5,2,0,2
192.168.100.14,188.166.32.155,0,108,2,0,2,2,54,54,54.0,2,1,1
192.168.100.14,104.28.27.89,1,108,2,1,1,1,54,54,54.0,2,0,2
192.168.100.14,45.55.185.169,0,54,1,0,1,1,54,54,54,1,0,1
192.168.100.14,104.28.27.89,0,54,1,0,1,1,54,54,54,1,0,1
192.168.100.14,104.28.21.67,1,108,2,1,1,1,54,54,54.0,2,0,2
192.168.100.14,104.28.21.67,1,1048,17,1,3,3,93,54,61.64705882352941,17,8,9
192.168.100.14,216.250.120.244,1,82011,76,3,2,2,1514,54,1065.077922077922,77,59,18
192.168.100.14,192.186.254.167,1,162,3,1,1,1,54,54,54.0,3,0,3
192.186.254.167,192.168.100.14,1,54,1,1,1,1,54,54,54,1,0,1
192.168.100.14,192.186.254.167,1,108,2,1,1,1,54,54,54.0,2,0,2
192.168.100.14,192.186.254.167,1,108,2,1,2,2,54,54,54.0,2,1,1
192.168.100.14,69.195.124.160,1,108,2,1,1,1,54,54,54.0,2,0,2
192.168.100.14,192.186.254.167,1,108,2,1,1,1,54,54,54.0,2,0,2
138.68.199.111,192.168.100.14,1,54,1,1,1,1,54,54,54,1,0,1
138.68.199.111,192.168.100.14,1,54,1,1,1,1,54,54,54,1,0,1
138.68.199.111,192.168.100.14,1,54,1,1,1,1,54,54,54,1,0,1
192.168.100.14,138.68.199.111,1,270,5,1,5,2,54,54,54.0,5,1,4
192.168.100.14,138.68.199.111,1,108,2,1,2,2,54,54,54.0,2,1,1
192.168.100.14,138.68.199.111,1,713,12,1,8,6,66,54,59.416666666666664,12,5,7
23.49.60.199,192.168.100.14,1,54,1,1,1,1,54,54,54,1,0,1
192.168.100.14,23.49.60.199,1,689,7,3,3,2,205,54,86.125,8,3,5
192.168.100.14,202.90.156.78,1,108,2,1,1,1,54,54,54.0,2,0,2
192.168.100.14,192.186.254.167,0,54,1,0,1,1,54,54,54,1,0,1
192.168.100.14,69.195.124.160,0,54,1,0,1,1,54,54,54,1,0,1
192.168.100.14,138.68.199.111,1,108,2,1,2,1,54,54,54.0,2,0,2
192.168.100.14,138.68.199.111,1,108,2,1,2,1,54,54,54.0,2,0,2
192.168.100.14,138.68.199.111,1,108,2,1,2,1,54,54,54.0,2,0,2
192.168.100.14,138.68.199.111,1,108,2,1,2,1,54,54,54.0,2,0,2
192.168.100.14,138.68.199.111,1,108,2,1,2,1,54,54,54.0,2,0,2
192.168.100.14,138.68.199.111,1,151706,147,9,6,6,1514,54,1004.6754966887418,151,110,41
202.90.156.78,192.168.100.14,1,9388,24,5,3,4,1514,54,361.0769230769231,26,12,14
192.168.100.14,45.55.110.124,1,3165,7,3,2,2,1514,54,395.625,8,5,3
192.168.100.14,172.16.3.61,0,198,0,3,1,1,66,66,66.0,3,0,3
192.168.100.14,45.55.110.124,1,162,3,1,1,1,54,54,54.0,3,0,3
192.168.100.14,45.55.110.124,1,4803,14,5,4,4,1514,54,282.52941176470586,17,9,8
192.168.100.14,209.197.3.15,1,8562,12,3,2,2,1514,54,658.6153846153846,13,9,4
192.168.100.14,205.185.208.52,1,247,4,1,2,2,85,54,61.75,4,2,2
192.168.100.14,205.185.208.52,1,42874,49,2,3,2,1514,54,874.9795918367347,49,38,11
192.168.100.14,45.55.110.124,1,228,3,2,2,1,66,54,57.0,4,0,4
192.168.100.14,45.55.110.124,1,11732,16,2,3,2,1514,54,733.25,16,11,5
192.168.100.14,45.55.110.124,1,162,3,1,1,1,54,54,54.0,3,0,3
192.168.100.14,45.55.110.124,1,118587,98,1,3,2,1514,54,1210.0714285714287,98,79,19
192.168.100.14,45.55.110.124,1,162,3,1,1,1,54,54,54.0,3,0,3
192.168.100.14,45.55.110.124,1,1167,7,3,3,2,541,54,145.875,8,4,4
192.168.100.14,45.55.110.124,0,108,2,0,1,1,54,54,54.0,2,0,2
192.168.100.14,104.27.160.86,1,108,2,1,1,1,54,54,54.0,2,0,2
192.168.100.14,104.27.160.86,1,229,4,1,3,2,66,54,57.25,4,2,2
192.168.100.14,198.199.117.33,1,58786,79,9,5,5,1514,54,708.2650602409637,83,53,30
192.168.100.14,104.27.160.86,1,108,2,1,1,1,54,54,54.0,2,0,2
172.217.161.168,192.168.100.14,1,54,1,1,1,1,54,54,54,1,0,1
192.168.100.14,172.217.161.168,0,108,2,0,2,2,54,54,54.0,2,1,1
192.168.100.14,104.27.160.86,0,54,1,0,1,1,54,54,54,1,0,1
192.168.100.14,209.197.3.15,1,108,2,1,1,1,54,54,54.0,2,0,2
192.168.100.14,66.96.163.129,1,160171,151,7,4,4,1514,54,1040.0714285714287,154,113,41
192.168.100.14,205.185.208.52,1,42013,45,3,5,3,1514,54,913.3260869565217,46,30,16
192.168.100.14,209.197.3.15,0,54,1,0,1,1,54,54,54,1,0,1
192.168.100.14,216.250.120.244,1,108,2,1,1,1,54,54,54.0,2,0,2
23.49.60.152,192.168.100.14,1,54,1,1,1,1,54,54,54,1,0,1
192.168.100.14,23.49.60.152,1,689,7,3,3,2,205,54,86.125,8,3,5
192.168.100.14,157.240.7.41,1,162,3,1,1,1,54,54,54.0,3,0,3
192.168.100.14,157.240.7.41,1,7550,35,3,3,3,1350,54,209.72222222222223,36,18,18
66.96.163.129,192.168.100.14,1,224736,179,1,3,4,1514,54,1255.508379888268,179,29,150
192.168.100.14,157.240.7.38,1,108,2,1,1,1,54,54,54.0,2,0,2
192.168.100.14,157.240.7.38,1,151565,187,3,3,3,1464,54,806.1968085106383,188,130,58
192.168.100.14,216.250.120.244,0,54,1,0,1,1,54,54,54,1,0,1
192.168.100.14,172.217.24.194,0,161301,223,2,2,2,1484,54,720.0937500000001,224,149,75
192.168.100.14,172.217.31.230,1,8797,42,3,2,2,1484,54,204.58139534883725,43,23,20
192.168.100.14,138.68.199.111,1,108,2,1,2,2,54,54,54.0,2,1,1
192.168.100.14,138.68.199.111,1,108,2,1,2,2,54,54,54.0,2,1,1
192.168.100.14,138.68.199.111,1,108,2,1,2,2,54,54,54.0,2,1,1
192.168.100.14,138.68.199.111,1,108,2,1,2,2,54,54,54.0,2,1,1
192.168.100.14,138.68.199.111,1,834,14,1,9,7,66,54,59.57142857142857,14,6,8
192.168.100.14,138.68.199.111,1,108,2,1,2,1,54,54,54.0,2,0,2
192.168.100.14,138.68.199.111,1,54,1,1,1,1,54,54,54,1,0,1
192.168.100.14,138.68.199.111,1,108,2,1,2,1,54,54,54.0,2,0,2
192.168.100.14,138.68.199.111,1,108,2,1,2,1,54,54,54.0,2,0,2
192.168.100.14,138.68.199.111,1,162,3,1,3,2,54,54,54.0,3,1,2
192.168.100.14,65.60.35.50,1,64991,83,11,6,6,1514,54,738.5340909090905,88,55,33
192.168.100.14,216.58.199.10,1,85142,85,3,2,2,1514,54,990.0232558139531,86,63,23
192.168.100.14,104.27.175.126,1,108,2,1,1,1,54,54,54.0,2,0,2
192.168.100.14,104.27.175.126,0,54,1,0,1,1,54,54,54,1,0,1
23.49.60.152,192.168.100.14,1,54,1,1,1,1,54,54,54,1,0,1
192.168.100.14,23.49.60.152,1,689,7,3,3,2,205,54,86.125,8,3,5
173.194.4.233,192.168.100.14,1,54,1,1,1,1,54,54,54,1,0,1
192.168.100.14,173.194.4.233,1,108,2,1,2,2,54,54,54.0,2,1,1
65.60.35.50,192.168.100.14,1,54,1,1,1,1,54,54,54,1,0,1
192.168.100.14,65.60.35.50,1,162,3,1,3,2,54,54,54.0,3,1,2
192.168.100.14,65.60.35.50,1,108,2,1,2,2,54,54,54.0,2,1,1
192.168.100.14,65.60.35.50,1,108,2,1,2,2,54,54,54.0,2,1,1
192.168.100.14,65.60.35.50,1,108,2,1,1,1,54,54,54.0,2,0,2
192.168.100.14,23.10.26.96,1,108,2,1,1,1,54,54,54.0,2,0,2
192.168.100.14,23.10.26.96,0,108,2,0,2,2,54,54,54.0,2,1,1
192.168.100.14,138.68.199.111,1,108,2,1,2,2,54,54,54.0,2,1,1
192.168.100.14,138.68.199.111,1,108,2,1,2,2,54,54,54.0,2,1,1
192.168.100.14,138.68.199.111,1,108,2,1,2,2,54,54,54.0,2,1,1
192.168.100.14,138.68.199.111,1,108,2,1,2,2,54,54,54.0,2,1,1
192.168.100.14,138.68.199.111,1,108,2,1,2,2,54,54,54.0,2,1,1
192.168.100.14,138.68.199.111,1,108,2,1,2,1,54,54,54.0,2,0,2
192.168.100.14,65.60.35.50,1,108,2,1,2,1,54,54,54.0,2,0,2
192.168.100.14,65.60.35.50,1,108,2,1,2,1,54,54,54.0,2,0,2
192.168.100.14,65.60.35.50,1,108,2,1,2,1,54,54,54.0,2,0,2
192.168.100.14,65.60.35.50,1,108,2,1,2,1,54,54,54.0,2,0,2
192.168.100.14,65.60.35.50,0,54,1,0,1,1,54,54,54,1,0,1
192.168.100.14,138.68.199.111,1,162,3,1,3,1,54,54,54.0,3,0,3
192.168.100.14,138.68.199.111,1,54,1,1,1,1,54,54,54,1,0,1
192.168.100.14,138.68.199.111,1,216,4,1,4,1,54,54,54.0,4,0,4
192.168.100.14,138.68.199.111,1,736239,680,5,8,7,1514,54,1079.529325513197,682,489,193
192.168.100.14,66.96.163.129,1,108,2,1,1,1,54,54,54.0,2,0,2
192.168.100.14,66.96.163.129,1,108,2,1,2,2,54,54,54.0,2,1,1
23.49.60.199,192.168.100.14,1,54,1,1,1,1,54,54,54,1,0,1
192.168.100.14,23.49.60.199,1,689,7,3,3,2,205,54,86.125,8,3,5
192.168.100.14,66.96.163.129,1,108,2,1,1,1,54,54,54.0,2,0,2
192.168.100.14,66.96.163.129,0,54,1,0,1,1,54,54,54,1,0,1
192.168.100.14,173.194.4.233,1,108,2,1,1,1,54,54,54.0,2,0,2
192.168.100.14,159.65.5.64,1,162,3,1,2,2,54,54,54.0,3,1,2
23.49.60.152,192.168.100.14,1,54,1,1,1,1,54,54,54,1,0,1
192.168.100.14,23.49.60.152,1,689,7,3,3,2,205,54,86.125,8,3,5
192.168.100.14,104.236.181.76,1,108,2,1,2,2,54,54,54.0,2,1,1
192.168.100.14,104.236.181.76,1,108,2,1,2,1,54,54,54.0,2,0,2
192.168.100.14,159.65.5.64,1,108,2,1,1,1,54,54,54.0,2,0,2
192.168.100.14,159.65.5.64,1,162,2,1,2,3,54,54,54.0,3,2,1
192.168.100.14,205.185.208.52,1,108,2,1,1,1,54,54,54.0,2,0,2
192.168.100.14,205.185.208.52,0,54,1,0,1,1,54,54,54,1,0,1
192.168.100.14,104.236.181.76,1,108,2,1,2,1,54,54,54.0,2,0,2
192.168.100.14,104.236.181.76,0,54,1,0,1,1,54,54,54,1,0,1
138.68.199.111,192.168.100.14,1,7672,8,1,3,2,1514,54,959.0,8,3,5
192.168.100.14,198.199.117.33,1,108,2,1,2,2,54,54,54.0,2,1,1
192.168.100.14,198.199.117.33,1,108,2,1,2,2,54,54,54.0,2,1,1
192.168.100.14,198.199.117.33,1,108,2,1,2,2,54,54,54.0,2,1,1
192.168.100.14,198.199.117.33,1,108,2,1,2,1,54,54,54.0,2,0,2
192.168.100.14,159.65.5.64,1,108,2,1,1,1,54,54,54.0,2,0,2
192.168.100.14,159.65.5.64,1,6280,49,3,3,3,575,54,125.6,50,25,25
23.49.60.199,192.168.100.14,1,54,1,1,1,1,54,54,54,1,0,1
192.168.100.14,23.49.60.199,1,689,7,3,3,2,205,54,86.125,8,3,5
192.168.100.14,198.199.117.33,1,108,2,1,2,1,54,54,54.0,2,0,2
192.168.100.14,198.199.117.33,1,108,2,1,2,1,54,54,54.0,2,0,2
192.168.100.14,198.199.117.33,1,108,2,1,2,1,54,54,54.0,2,0,2
192.168.100.14,198.199.117.33,0,54,1,0,1,1,54,54,54,1,0,1
138.68.199.111,192.168.100.14,1,54,1,1,1,1,54,54,54,1,0,1
192.168.100.14,138.68.199.111,1,108,2,1,2,2,54,54,54.0,2,1,1
23.15.155.27,192.168.100.14,1,54,1,1,1,1,54,54,54,1,0,1
192.168.100.14,23.15.155.27,0,54,1,0,1,1,54,54,54,1,0,1
192.168.100.14,173.194.4.233,0,108,1,0,2,2,54,54,54.0,2,1,1
64.13.192.146,192.168.100.14,1,54,1,1,1,1,54,54,54,1,0,1
192.168.100.14,64.13.192.146,1,162,3,1,3,2,54,54,54.0,3,1,2
192.168.100.14,64.13.192.146,1,108,2,1,2,2,54,54,54.0,2,1,1
192.168.100.14,64.13.192.146,1,108,2,1,2,1,54,54,54.0,2,0,2
192.168.100.14,138.68.199.111,1,108,2,1,2,2,54,54,54.0,2,1,1
192.168.100.14,138.68.199.111,1,108,2,1,2,2,54,54,54.0,2,1,1
192.168.100.14,138.68.199.111,1,108,2,1,2,2,54,54,54.0,2,1,1
192.168.100.14,138.68.199.111,1,108,2,1,2,1,54,54,54.0,2,0,2
192.168.100.14,54.230.74.223,1,108,2,1,1,1,54,54,54.0,2,0,2
192.168.100.14,138.68.199.111,1,108,2,1,2,1,54,54,54.0,2,0,2
192.168.100.14,138.68.199.111,1,108,2,1,2,1,54,54,54.0,2,0,2
192.168.100.14,64.13.192.146,1,108,2,1,2,1,54,54,54.0,2,0,2
192.168.100.14,138.68.199.111,1,108,2,1,2,1,54,54,54.0,2,0,2
192.168.100.14,138.68.199.111,0,54,1,0,1,1,54,54,54,1,0,1
192.168.100.14,54.230.74.223,1,329,5,1,3,3,100,54,65.8,5,2,3
192.168.100.14,64.13.192.146,1,54,1,1,1,1,54,54,54,1,0,1
192.168.100.14,64.13.192.146,1,108,2,1,2,1,54,54,54.0,2,0,2
192.168.100.14,64.13.192.146,0,108,2,0,2,1,54,54,54.0,2,0,2
23.49.60.152,192.168.100.14,1,54,1,1,1,1,54,54,54,1,0,1
192.168.100.14,23.49.60.152,1,689,7,3,3,2,205,54,86.125,8,3,5
192.168.100.14,52.216.225.210,1,7510,19,5,3,3,1514,54,357.6190476190476,21,11,10
192.168.100.14,173.194.55.55,1,13394,21,3,2,2,1486,54,608.8181818181818,22,12,10
192.168.100.14,173.194.59.72,1,9420,17,3,2,2,1486,54,523.3333333333334,18,10,8
192.168.100.14,173.194.4.231,1,9953007,10382,3,2,2,1486,54,958.5868246171631,10383,6527,3856
192.168.100.14,173.194.59.7,1,849668,848,5,3,3,1486,54,999.609411764706,850,574,276
173.194.55.55,192.168.100.14,1,108,2,1,1,1,54,54,54.0,2,0,2
192.168.100.14,173.194.55.55,0,54,1,0,1,1,54,54,54,1,0,1
192.168.100.14,107.6.184.210,1,108,2,1,1,1,54,54,54.0,2,0,2
107.6.184.210,192.168.100.14,1,456,7,1,2,3,100,54,65.14285714285714,7,2,5
208.113.196.223,192.168.100.14,0,25846,19,0,2,2,1514,54,1360.3157894736842,19,2,17
23.49.60.152,192.168.100.14,1,54,1,1,1,1,54,54,54,1,0,1
192.168.100.14,23.49.60.152,1,689,7,3,3,2,205,54,86.125,8,3,5
173.194.59.7,192.168.100.14,1,54,1,1,1,1,54,54,54,1,0,1
192.168.100.14,173.194.59.7,1,2820989,3171,1,3,2,1486,54,889.6212551245659,3171,1819,1352
184.26.194.15,192.168.100.14,1,139,2,1,1,1,85,54,69.5,2,0,2
192.168.100.14,184.26.194.15,0,54,1,0,1,1,54,54,54,1,0,1
157.240.7.26,192.168.100.14,1,54,1,1,1,1,54,54,54,1,0,1
192.168.100.14,157.240.7.26,1,123654,145,3,3,3,1464,54,846.9452054794522,146,93,53
192.168.100.14,52.216.225.210,1,108,2,1,2,2,54,54,54.0,2,1,1
192.168.100.14,52.216.225.210,1,108,2,1,1,1,54,54,54.0,2,0,2
192.168.100.14,104.28.24.86,1,108,2,1,1,1,54,54,54.0,2,0,2
192.168.100.14,159.65.5.64,1,108,2,1,1,1,54,54,54.0,2,0,2
192.168.100.14,159.65.5.64,1,10450,37,3,3,3,1514,54,275.0,38,22,16
192.168.100.14,52.216.225.210,1,108,2,1,2,1,54,54,54.0,2,0,2
192.168.100.14,52.216.225.210,0,54,1,0,1,1,54,54,54,1,0,1
192.168.100.14,104.28.24.86,0,54,1,0,1,1,54,54,54,1,0,1
192.168.100.14,172.217.161.173,0,468202,614,2,2,2,1484,54,761.3040650406498,615,434,181
23.49.60.199,192.168.100.14,1,54,1,1,1,1,54,54,54,1,0,1
192.168.100.14,23.49.60.199,1,689,7,3,3,2,205,54,86.125,8,3,5
192.168.100.14,202.90.156.78,1,108,2,1,2,2,54,54,54.0,2,1,1
192.168.100.14,202.90.156.78,1,108,2,1,1,1,54,54,54.0,2,0,2
192.168.100.14,173.194.59.72,1,108,2,1,1,1,54,54,54.0,2,0,2
192.168.100.14,173.194.59.72,0,108,2,0,2,2,54,54,54.0,2,1,1
192.168.100.14,202.90.156.78,1,108,2,1,2,1,54,54,54.0,2,0,2
192.168.100.14,202.90.156.78,1,9551,27,5,4,5,1514,54,329.344827586207,29,15,14
83.162.203.56,192.168.100.14,1,25897,27,1,3,3,1506,54,959.1481481481482,27,7,20
192.168.100.14,50.62.230.1,1,108,2,1,1,1,54,54,54.0,2,0,2
192.168.100.14,50.62.230.1,1,11620,13,1,3,2,1514,54,893.8461538461538,13,9,4
192.168.100.14,50.62.230.1,1,108,2,1,1,1,54,54,54.0,2,0,2
192.168.100.14,141.138.168.126,1,108,2,1,1,1,54,54,54.0,2,0,2
192.168.100.14,217.160.223.108,1,108,2,1,1,1,54,54,54.0,2,0,2
192.168.100.14,50.62.230.1,0,54,1,0,1,1,54,54,54,1,0,1
192.168.100.14,141.138.168.126,0,54,1,0,1,1,54,54,54,1,0,1
192.168.100.14,217.160.223.108,0,54,1,0,1,1,54,54,54,1,0,1
192.30.252.153,192.168.100.14,0,14942,13,0,2,2,1514,54,1149.3846153846155,13,2,11
23.49.60.199,192.168.100.14,1,54,1,1,1,1,54,54,54,1,0,1
192.168.100.14,23.49.60.199,1,689,7,3,3,2,205,54,86.125,8,3,5
192.168.100.14,52.45.45.188,1,8025,18,5,3,3,1514,54,401.25,20,9,11
192.168.100.14,172.217.24.202,1,108,2,1,1,1,54,54,54.0,2,0,2
192.168.100.14,172.217.24.202,0,108,2,0,2,2,54,54,54.0,2,1,1
54.230.74.223,192.168.100.14,1,139,2,1,1,1,85,54,69.5,2,0,2
192.168.100.14,54.230.74.223,0,108,2,0,2,2,54,54,54.0,2,1,1
23.49.60.199,192.168.100.14,1,54,1,1,1,1,54,54,54,1,0,1
192.168.100.14,23.49.60.199,1,689,7,3,3,2,205,54,86.125,8,3,5
192.168.100.14,107.6.184.210,1,4199,26,5,4,3,636,54,149.96428571428578,28,13,15
192.168.100.14,69.89.31.69,1,108,2,1,2,2,54,54,54.0,2,1,1
192.168.100.14,69.89.31.69,1,108,2,1,2,1,54,54,54.0,2,0,2
205.186.179.214,192.168.100.14,1,54,1,1,1,1,54,54,54,1,0,1
192.168.100.14,205.186.179.214,1,798,13,1,7,6,85,54,61.38461538461539,13,7,6
192.168.100.14,64.13.192.155,1,108,2,1,1,1,54,54,54.0,2,0,2
192.168.100.14,64.13.192.155,0,54,1,0,1,1,54,54,54,1,0,1
192.168.100.14,69.89.31.69,1,108,2,1,2,1,54,54,54.0,2,0,2
192.168.100.14,69.89.31.69,0,54,1,0,1,1,54,54,54,1,0,1
192.168.100.14,216.58.220.197,1,7538,36,3,2,2,1484,54,203.72972972972974,37,19,18
192.168.100.14,172.217.161.165,0,2757564,3800,2,2,2,1484,54,725.483820047356,3801,2343,1458
52.45.45.188,192.168.100.14,1,54,1,1,1,1,54,54,54,1,0,1
192.168.100.14,52.45.45.188,1,368,6,1,3,2,85,54,61.333333333333336,6,3,3
192.168.100.14,216.58.199.106,1,26620,122,7,4,4,1484,54,212.96000000000004,125,66,59
23.49.60.199,192.168.100.14,1,54,1,1,1,1,54,54,54,1,0,1
192.168.100.14,23.49.60.199,1,689,7,3,3,2,205,54,86.125,8,3,5
192.168.100.14,172.217.24.195,1,886709,1084,9,5,5,1484,54,814.9898897058821,1088,702,386
192.168.100.14,216.58.200.14,0,14226,91,2,2,2,1484,54,154.63043478260866,92,53,39
192.168.100.14,172.217.24.206,0,1320247,1528,8,5,5,1484,54,861.7800261096608,1532,1051,481
52.109.124.5,192.168.100.14,1,54,1,1,1,1,54,54,54,1,0,1
192.168.100.14,52.109.124.5,0,54,1,0,1,1,54,54,54,1,0,1
192.168.100.14,104.19.197.151,0,162,3,0,1,1,54,54,54.0,3,0,3
23.49.60.199,192.168.100.14,1,54,1,1,1,1,54,54,54,1,0,1
192.168.100.14,23.49.60.199,1,689,7,3,3,2,205,54,86.125,8,3,5
192.168.100.14,157.240.7.41,0,162,3,0,1,1,54,54,54.0,3,0,3
23.9.187.49,192.168.100.14,1,193,3,1,1,1,85,54,64.33333333333333,3,0,3
192.168.100.14,23.9.187.49,0,108,2,0,2,2,54,54,54.0,2,1,1
192.168.100.14,159.65.5.64,1,108,2,1,1,1,54,54,54.0,2,0,2
192.168.100.14,159.65.5.64,0,108,2,0,2,2,54,54,54.0,2,1,1
23.49.60.152,192.168.100.14,1,54,1,1,1,1,54,54,54,1,0,1
192.168.100.14,23.49.60.152,1,689,7,3,3,2,205,54,86.125,8,3,5
192.168.100.14,5.45.59.12,1,5941,17,3,2,2,1514,54,330.05555555555554,18,10,8
192.168.100.14,52.45.45.188,0,108,2,0,1,1,54,54,54.0,2,0,2
23.49.60.199,192.168.100.14,1,54,1,1,1,1,54,54,54,1,0,1
192.168.100.14,23.49.60.199,1,689,7,3,3,2,205,54,86.125,8,3,5
192.168.100.14,157.240.7.26,1,162,3,1,1,1,54,54,54.0,3,0,3
192.168.100.14,157.240.7.26,0,108,2,0,2,2,54,54,54.0,2,1,1
192.168.100.14,205.186.179.214,1,193,3,1,2,2,85,54,64.33333333333333,3,2,1
192.168.100.14,205.186.179.214,1,301,5,1,3,2,85,54,60.2,5,2,3
192.168.100.14,184.86.250.33,1,54,1,1,1,1,54,54,54,1,0,1
192.168.100.14,184.86.250.33,1,54,1,1,1,1,54,54,54,1,0,1
173.222.148.90,192.168.100.14,1,54,1,1,1,1,54,54,54,1,0,1
192.168.100.14,173.222.148.90,0,54,1,0,1,1,54,54,54,1,0,1
184.86.250.33,192.168.100.14,1,54,1,1,1,1,54,54,54,1,0,1
184.86.250.33,192.168.100.14,1,54,1,1,1,1,54,54,54,1,0,1
192.168.100.14,184.86.250.33,1,162,3,1,3,2,54,54,54.0,3,1,2
23.215.135.41,192.168.100.14,1,54,1,1,1,1,54,54,54,1,0,1
192.168.100.14,23.215.135.41,0,54,1,0,1,1,54,54,54,1,0,1
184.84.59.208,192.168.100.14,1,54,1,1,1,1,54,54,54,1,0,1
192.168.100.14,184.84.59.208,0,54,1,0,1,1,54,54,54,1,0,1
192.168.100.14,184.86.250.33,0,54,1,0,1,1,54,54,54,1,0,1
192.168.100.14,173.194.59.7,1,108,2,1,1,1,54,54,54.0,2,0,2
192.168.100.14,205.186.179.214,1,247,4,1,2,2,85,54,61.75,4,2,2
192.168.100.14,205.186.179.214,1,193,3,1,2,2,85,54,64.33333333333333,3,2,1
192.168.100.14,205.186.179.214,0,270,5,0,3,1,54,54,54.0,5,0,5
192.168.100.14,173.194.59.7,0,108,2,0,2,2,54,54,54.0,2,1,1
192.168.100.14,216.58.203.35,0,56180,84,2,2,2,1484,54,660.9411764705882,85,50,35
192.168.100.14,172.217.31.225,0,10562,50,2,2,2,1484,54,207.09803921568624,51,28,23
192.168.100.14,216.58.203.46,0,89863,318,8,5,5,1484,54,279.0776397515529,322,189,133
192.168.100.14,173.194.4.231,1,108,2,1,1,1,54,54,54.0,2,0,2
192.168.100.14,173.194.4.231,0,108,2,0,2,2,54,54,54.0,2,1,1
192.168.100.14,108.177.97.189,0,76838,177,2,2,2,1484,54,431.6741573033708,178,110,68
192.168.100.14,172.217.24.38,1,162,3,1,1,1,54,54,54.0,3,0,3
172.217.24.38,192.168.100.14,0,54,0,0,1,1,54,54,54,1,0,1
157.240.7.38,192.168.100.14,1,54,1,1,1,1,54,54,54,1,0,1
192.168.100.14,157.240.7.38,0,108,2,0,2,2,54,54,54.0,2,1,1
23.49.60.199,192.168.100.14,1,54,1,1,1,1,54,54,54,1,0,1
192.168.100.14,23.49.60.199,1,689,7,3,3,2,205,54,86.125,8,3,5
192.168.100.14,216.58.221.234,0,76769,324,2,2,2,1484,54,236.21230769230775,325,193,132
192.168.100.14,172.217.25.14,1,54,1,1,1,1,54,54,54,1,0,1
192.168.100.14,172.217.25.14,1,54,1,1,1,1,54,54,54,1,0,1
192.168.100.14,172.217.25.14,1,3916,17,1,5,5,922,54,230.35294117647052,17,9,8
172.217.25.14,192.168.100.14,1,54,1,1,1,1,54,54,54,1,0,1
172.217.25.14,192.168.100.14,1,54,1,1,1,1,54,54,54,1,0,1
172.217.25.14,192.168.100.14,0,6708,33,0,2,2,893,54,203.27272727272728,33,14,19
192.168.100.14,74.125.203.157,1,108,2,1,1,1,54,54,54.0,2,0,2
192.168.100.14,74.125.203.157,0,108,2,0,2,2,54,54,54.0,2,1,1
23.49.60.152,192.168.100.14,1,54,1,1,1,1,54,54,54,1,0,1
192.168.100.14,23.49.60.152,1,689,7,3,3,2,205,54,86.125,8,3,5
192.168.100.14,172.217.31.230,1,162,3,1,1,1,54,54,54.0,3,0,3
192.168.100.14,172.217.31.230,0,108,2,0,2,2,54,54,54.0,2,1,1
23.49.60.152,192.168.100.14,1,54,1,1,1,1,54,54,54,1,0,1
192.168.100.14,23.49.60.152,1,689,7,3,3,2,205,54,86.125,8,3,5
192.168.100.14,64.233.161.94,1,7494,29,7,3,3,1484,54,241.74193548387092,31,16,15
192.168.100.14,216.58.199.10,1,108,2,1,1,1,54,54,54.0,2,0,2
192.168.100.14,5.45.59.12,0,54,1,0,1,1,54,54,54,1,0,1
192.168.100.14,64.233.161.94,1,108,2,1,1,1,54,54,54.0,2,0,2
23.49.60.199,192.168.100.14,1,54,1,1,1,1,54,54,54,1,0,1
192.168.100.14,23.49.60.199,1,689,7,3,3,2,205,54,86.125,8,3,5
192.168.100.14,216.58.199.10,0,54,1,0,1,1,54,54,54,1,0,1
192.168.100.14,216.58.200.1,0,16973,38,2,2,2,1484,54,435.20512820512823,39,21,18
64.233.161.94,192.168.100.14,0,417,7,0,2,3,66,54,59.57142857142857,7,3,4
23.49.60.152,192.168.100.14,1,54,1,1,1,1,54,54,54,1,0,1
192.168.100.14,23.49.60.152,1,689,7,3,3,2,205,54,86.125,8,3,5
23.49.60.152,192.168.100.14,1,54,1,1,1,1,54,54,54,1,0,1
192.168.100.14,23.49.60.152,1,689,7,3,3,2,205,54,86.125,8,3,5
192.168.100.14,173.194.4.232,1,18987,33,5,3,3,1486,54,542.4857142857143,35,19,16
192.168.100.14,209.85.229.153,1,4735263,4934,5,3,3,1486,54,959.3320502431114,4936,3124,1812
23.49.60.199,192.168.100.14,1,54,1,1,1,1,54,54,54,1,0,1
192.168.100.14,23.49.60.199,1,689,7,3,3,2,205,54,86.125,8,3,5
192.168.100.14,107.6.184.210,1,372,6,1,3,2,100,54,62.0,6,2,4
23.49.60.199,192.168.100.14,1,54,1,1,1,1,54,54,54,1,0,1
192.168.100.14,23.49.60.199,1,689,7,3,3,2,205,54,86.125,8,3,5
192.168.100.14,117.18.237.66,1,108,2,1,1,1,54,54,54.0,2,0,2
192.168.100.14,117.18.237.66,0,108,1,0,2,2,54,54,54.0,2,1,1
192.168.100.14,202.90.156.76,1,108,2,1,2,2,54,54,54.0,2,1,1
192.168.100.14,202.90.156.76,0,272,3,0,3,3,55,54,54.4,5,2,3
192.168.100.14,173.194.4.232,1,108,2,1,2,2,54,54,54.0,2,1,1
192.168.100.14,173.194.4.232,0,272,3,0,3,3,55,54,54.4,5,2,3
192.168.100.14,209.85.229.153,1,108,2,1,2,2,54,54,54.0,2,1,1
104.28.21.67,192.168.100.14,1,186,3,1,2,2,78,54,62.0,3,1,2
104.28.21.67,192.168.100.14,0,54,1,0,1,1,54,54,54,1,0,1
23.49.60.199,192.168.100.14,1,54,1,1,1,1,54,54,54,1,0,1
192.168.100.14,23.49.60.199,1,689,7,3,3,2,205,54,86.125,8,3,5
23.49.60.199,192.168.100.14,1,54,1,1,1,1,54,54,54,1,0,1
192.168.100.14,23.49.60.199,1,689,7,3,3,2,205,54,86.125,8,3,5
192.168.100.14,209.85.229.153,1,163,3,1,2,1,55,54,54.333333333333336,3,0,3
107.6.184.210,192.168.100.14,1,193,3,1,2,2,85,54,64.33333333333333,3,1,2
107.6.184.210,192.168.100.14,1,108,2,1,2,2,54,54,54.0,2,1,1
23.49.60.152,192.168.100.14,1,54,1,1,1,1,54,54,54,1,0,1
192.168.100.14,23.49.60.152,0,54,1,0,1,1,54,54,54,1,0,1
192.168.100.14,23.15.242.148,1,10328,26,6,5,4,1514,54,356.13793103448273,29,16,13
23.15.242.148,192.168.100.14,0,4291,11,1,2,2,1514,54,390.09090909090907,11,5,6
23.49.60.199,192.168.100.14,1,54,1,1,1,1,54,54,54,1,0,1
192.168.100.14,23.49.60.199,1,635,6,3,3,2,205,54,90.71428571428571,7,2,5
52.114.132.21,192.168.100.14,1,54,1,1,1,1,54,54,54,1,0,1
192.168.100.14,52.114.132.21,0,54,1,0,1,1,54,54,54,1,0,1
216.58.220.197,192.168.100.14,1,54,1,1,1,1,54,54,54,1,0,1
192.168.100.14,216.58.220.197,0,108,2,0,2,2,54,54,54.0,2,1,1
192.168.100.14,216.58.199.14,0,162,3,0,1,1,54,54,54.0,3,0,3
192.168.100.14,172.217.25.10,0,162,3,0,1,1,54,54,54.0,3,0,3
192.168.100.14,209.85.229.153,1,108,2,1,2,1,54,54,54.0,2,0,2
192.168.100.14,209.85.229.153,0,108,1,0,2,2,54,54,54.0,2,1,1
192.168.100.14,172.217.161.164,0,6073,21,2,2,2,1484,54,276.0454545454545,22,11,11
216.58.199.106,192.168.100.14,1,54,1,1,1,1,54,54,54,1,0,1
192.168.100.14,216.58.199.106,1,162,3,1,1,1,54,54,54.0,3,0,3
192.168.100.14,216.58.199.106,0,108,2,0,2,2,54,54,54.0,2,1,1
192.168.100.14,216.58.200.2,1,333,5,1,3,2,117,54,66.6,5,1,4
216.58.200.2,192.168.100.14,1,54,1,1,1,1,54,54,54,1,0,1
192.168.100.14,216.58.200.2,0,108,2,0,2,2,54,54,54.0,2,1,1
192.168.100.14,107.6.184.210,1,54,1,1,1,1,54,54,54,1,0,1
192.168.100.14,107.6.184.210,1,54,1,1,1,1,54,54,54,1,0,1
192.168.100.14,107.6.184.210,1,3017,17,5,4,3,661,54,158.78947368421052,19,8,11
192.168.100.14,173.194.49.40,1,13386,21,3,2,2,1486,54,608.4545454545455,22,12,10
192.168.100.14,172.217.24.200,1,171,2,1,2,2,117,54,85.5,2,1,1
192.168.100.14,74.125.102.89,0,4089810,4106,4,3,3,1486,54,995.5720545277493,4108,2694,1414
192.168.100.14,172.217.24.200,0,162,3,0,1,1,54,54,54.0,3,0,3
173.194.49.40,192.168.100.14,1,108,2,1,1,1,54,54,54.0,2,0,2
192.168.100.14,173.194.49.40,0,54,1,0,1,1,54,54,54,1,0,1
192.168.100.14,172.217.25.3,0,108,2,0,1,1,54,54,54.0,2,0,2
23.49.60.199,192.168.100.14,1,54,1,1,1,1,54,54,54,1,0,1
192.168.100.14,23.49.60.199,1,689,7,3,3,2,205,54,86.125,8,3,5
192.168.100.14,107.6.184.210,1,109,2,1,1,1,55,54,54.5,2,0,2
107.6.184.210,192.168.100.14,1,54,1,1,1,1,54,54,54,1,0,1
192.168.100.14,107.6.184.210,1,108,2,1,2,1,54,54,54.0,2,0,2
192.168.100.14,172.217.24.195,1,162,3,1,1,1,54,54,54.0,3,0,3
192.168.100.14,172.217.24.195,0,108,2,0,2,2,54,54,54.0,2,1,1
23.49.60.199,192.168.100.14,1,54,1,1,1,1,54,54,54,1,0,1
192.168.100.14,23.49.60.199,0,54,1,0,1,1,54,54,54,1,0,1
192.168.100.14,117.18.237.93,1,5398,16,3,2,2,1514,54,317.52941176470586,17,7,10
117.18.237.93,192.168.100.14,1,151,2,1,2,2,85,66,75.5,2,1,1
117.18.237.93,192.168.100.14,1,139,2,1,1,1,85,54,69.5,2,0,2
192.168.100.14,117.18.237.93,0,54,1,0,1,1,54,54,54,1,0,1
